Student_ID,Age,Gender,Year_of_Study,Sleep_Hours,Study_Hours_Per_Week,GPA,Social_Media_Hours,Screen_Time_Hours,Physical_Activity,Financial_Stress,Family_Support,Attendance_Rate,Part_Time_Job,Diet_Quality,Previous_Mental_Health_History,Mental_Health_Risk
STU0001,22,Male,3,6.6,17.6,2.91,6.9,7.5,Moderate,8.5,4.0,78.0,No,Poor,No,High
STU0002,21,Male,4,5.6,22.4,2.92,7.6,11.5,Low,4.5,5.3,85.4,Yes,Average,No,Medium
STU0003,22,Male,5,7.1,28.1,2.68,6.5,8.9,Low,4.8,6.1,79.5,No,Average,No,Medium
STU0004,24,Male,1,4.5,14.8,2.23,5.5,7.6,High,3.7,8.0,73.9,No,Average,Yes,High
STU0005,20,Female,1,6.7,17.2,2.69,4.3,7.0,Moderate,8.0,7.4,99.8,Yes,,No,Medium
STU0006,20,Female,4,6.8,18.6,,8.5,11.8,High,7.0,3.9,,Yes,Average,No,Medium
STU0007,24,Male,2,7.7,15.0,2.77,8.8,10.2,Low,6.1,7.7,100.0,No,Good,No,Low
STU0008,23,Non-binary,3,7.9,20.5,2.65,6.1,7.6,Low,,6.5,78.9,No,Average,Yes,Medium
STU0009,20,Female,3,6.2,28.6,2.42,3.9,7.2,Moderate,5.3,8.4,72.6,No,Good,No,Low
STU0010,22,Male,3,6.6,20.5,2.28,6.9,7.4,Moderate,7.3,5.7,92.7,No,Average,No,Medium
STU0011,20,Male,5,6.0,31.3,2.94,4.8,6.6,Low,8.8,3.6,82.6,No,Good,No,High
STU0012,20,Female,5,5.6,27.2,2.81,5.2,11.3,Moderate,5.4,8.7,87.8,No,Poor,Yes,Medium
STU0013,22,Female,4,7.1,22.1,2.33,6.7,8.0,Moderate,5.2,6.9,74.5,Yes,Poor,Yes,High
STU0014,17,Female,2,5.4,17.0,2.4,6.6,10.5,Low,7.0,,84.1,Yes,Average,Yes,High
STU0015,17,Male,4,6.3,23.3,2.83,4.5,6.3,Low,8.7,5.7,77.4,No,Good,No,High
STU0016,20,Male,1,5.7,17.4,2.08,5.9,9.0,Moderate,7.2,6.8,82.0,No,Average,No,Medium
STU0017,19,Male,1,7.4,20.5,2.96,6.6,9.9,Moderate,6.4,5.3,84.4,No,Average,No,Medium
STU0018,22,Male,4,8.8,25.4,2.76,6.0,9.9,Moderate,5.4,9.4,88.2,No,Poor,No,Low
STU0019,19,Male,2,5.4,22.7,2.94,6.0,8.3,Moderate,8.2,5.1,92.0,No,Average,No,High
STU0020,18,Male,1,4.8,11.1,2.01,7.8,12.7,Low,7.7,5.6,83.7,Yes,Average,No,High
STU0021,24,Female,1,6.7,13.3,2.06,6.3,8.1,High,6.3,4.7,85.5,No,Good,No,Medium
STU0022,21,Female,4,6.8,21.1,2.47,6.1,8.9,High,7.2,5.5,84.1,No,Average,Yes,Medium
STU0023,21,Male,3,7.0,22.3,2.63,2.4,5.2,Moderate,6.9,7.2,82.7,No,Average,Yes,Medium
STU0024,18,Female,3,6.3,19.6,2.41,5.6,6.8,Low,3.3,7.0,87.8,No,Poor,No,Low
STU0025,20,Male,1,6.6,17.9,2.43,7.0,9.2,Moderate,,9.2,83.8,No,Poor,Yes,Medium
STU0026,21,Female,4,,20.3,2.71,5.6,8.3,Moderate,7.2,5.1,85.7,Yes,Average,No,High
STU0027,18,Male,4,7.9,24.2,2.73,5.1,7.1,High,8.7,6.1,89.2,No,Average,Yes,Medium
STU0028,22,Female,2,4.6,20.7,2.42,4.9,10.3,High,7.3,2.6,77.3,No,Average,No,High
STU0029,20,Non-binary,2,6.4,9.7,1.73,8.0,9.5,High,6.8,8.0,90.4,No,Average,Yes,High
STU0030,20,Female,1,7.0,23.5,2.81,6.2,10.1,Low,4.6,2.9,85.1,No,Poor,No,Medium
STU0031,20,Male,5,5.8,25.9,2.66,6.2,9.7,High,5.9,4.2,86.8,Yes,,Yes,Medium
STU0032,25,Female,3,8.7,12.9,2.98,5.0,7.5,Moderate,2.2,9.3,87.6,No,Good,No,Low
STU0033,21,Male,5,6.1,27.6,2.47,5.1,6.6,High,3.2,,89.4,No,Average,No,Low
STU0034,19,Female,2,6.8,18.1,1.98,5.9,7.5,Moderate,2.8,5.9,84.3,Yes,Average,No,Medium
STU0035,23,Female,4,7.4,23.7,2.91,5.3,7.2,Low,7.3,4.3,87.1,No,Average,Yes,Medium
STU0036,18,Male,4,6.1,28.0,2.87,4.6,5.0,Moderate,6.6,6.9,97.4,No,Average,No,Low
STU0037,21,Female,3,4.8,24.0,2.25,5.3,6.6,Low,7.7,7.1,61.1,No,Poor,No,High
STU0038,17,Female,5,6.3,28.2,2.33,6.0,6.7,Moderate,3.3,8.3,92.7,No,Poor,Yes,Medium
STU0039,18,Male,2,7.9,19.8,3.11,4.1,8.2,High,6.0,8.3,95.1,Yes,Poor,No,Low
STU0040,21,Female,1,6.4,14.6,2.81,8.3,11.5,Low,5.6,7.4,74.0,No,Good,Yes,High
STU0041,23,Male,3,5.9,28.1,2.01,5.7,9.1,Low,7.8,6.3,88.6,Yes,Poor,Yes,High
STU0042,21,Female,4,7.8,18.1,2.45,6.1,9.3,Low,,6.0,92.1,No,Good,No,Low
STU0043,21,Female,3,6.4,21.6,3.1,6.7,9.4,Moderate,4.6,5.3,92.5,No,Good,Yes,Medium
STU0044,20,Female,1,6.2,15.3,2.25,5.0,9.3,High,8.0,6.4,72.6,No,Average,No,Medium
STU0045,18,Female,3,7.0,24.3,2.57,4.9,6.7,Low,8.8,8.4,90.2,No,Average,Yes,Medium
STU0046,19,Female,2,7.6,14.6,2.39,6.4,9.0,Low,5.7,7.5,91.4,No,,No,Medium
STU0047,20,Male,2,9.4,11.0,2.15,8.3,11.7,High,2.5,7.7,78.9,Yes,Average,No,Low
STU0048,23,Female,3,7.7,21.6,2.18,5.8,6.7,High,7.4,7.8,86.2,Yes,Good,No,Low
STU0049,22,Male,4,8.1,25.1,3.14,5.9,12.1,Low,4.9,5.4,86.4,Yes,Poor,Yes,Medium
STU0050,17,Female,1,6.2,21.0,2.01,5.3,7.8,Moderate,2.8,8.2,88.3,Yes,Poor,Yes,Medium
STU0051,22,Male,2,5.7,12.9,2.36,7.2,9.9,Moderate,4.2,2.8,82.0,No,Poor,No,High
STU0052,20,Male,2,6.9,22.6,2.93,7.4,11.4,Moderate,8.1,4.4,83.5,No,Average,Yes,High
STU0053,20,Female,1,6.9,24.5,2.28,6.5,10.1,Moderate,5.5,4.6,83.4,No,Poor,No,Medium
STU0054,22,Male,4,5.6,22.5,2.29,5.7,8.2,High,7.0,4.7,74.3,No,Average,No,High
STU0055,23,Female,5,6.6,21.8,2.98,6.5,9.2,Low,3.1,8.4,86.9,Yes,Average,Yes,Medium
STU0056,23,Male,2,7.2,16.4,2.66,6.9,7.6,Low,6.4,7.2,88.5,No,Poor,No,Medium
STU0057,19,Male,4,7.2,24.1,2.54,6.1,7.9,Moderate,5.8,5.5,91.3,No,Good,No,Low
STU0058,20,Female,4,7.4,26.3,3.17,6.5,9.6,Moderate,4.0,,90.8,Yes,Poor,No,Low
STU0059,22,Male,4,7.1,21.6,3.01,6.9,9.9,High,5.0,8.2,78.0,No,Poor,No,Low
STU0060,23,Male,1,,21.2,2.65,5.8,9.8,Moderate,6.5,6.3,95.4,Yes,Poor,No,High
STU0061,20,Female,5,6.2,22.5,2.34,6.4,8.8,Low,5.6,4.9,94.1,No,Good,Yes,Medium
STU0062,21,Male,2,,11.0,2.09,6.5,7.3,Moderate,5.5,7.0,83.3,No,Good,Yes,Medium
STU0063,19,Female,2,8.8,22.4,2.87,4.8,8.6,Moderate,4.1,7.0,82.0,No,Poor,No,Low
STU0064,18,Male,1,,5.9,2.1,7.1,11.3,High,2.5,7.1,78.9,No,Poor,No,Low
STU0065,23,Male,2,6.6,17.2,2.76,6.2,9.8,Moderate,7.5,6.1,85.1,No,Good,No,Medium
STU0066,24,Female,1,5.8,27.5,2.27,3.6,5.9,Moderate,6.1,5.6,85.6,No,Average,No,High
STU0067,21,Male,1,10.0,15.0,2.2,7.4,11.2,Moderate,6.1,6.0,81.1,No,Poor,No,Low
STU0068,23,Male,2,5.6,13.5,2.35,3.9,10.5,Moderate,7.0,8.3,78.1,Yes,Average,No,Medium
STU0069,22,Male,4,6.3,23.8,2.51,8.3,10.9,Moderate,4.8,3.8,,No,Good,Yes,High
STU0070,20,Male,4,7.3,23.8,2.54,7.1,8.0,Low,5.1,7.8,87.0,No,Poor,No,Low
STU0071,22,Female,2,7.5,18.6,2.05,5.9,7.7,High,3.5,4.5,74.9,No,Poor,No,Low
STU0072,24,Male,4,7.9,26.6,2.86,5.3,8.6,Moderate,6.4,8.8,89.2,Yes,Poor,No,Low
STU0073,21,Female,4,8.8,19.8,2.69,6.3,6.9,Moderate,2.0,3.8,87.3,Yes,Average,Yes,Low
STU0074,24,Female,4,7.4,30.8,3.14,4.3,7.0,High,3.7,8.5,83.8,No,Poor,Yes,Low
STU0075,17,Male,1,5.6,16.0,2.39,6.6,9.6,High,4.0,3.7,92.7,Yes,Good,No,Medium
STU0076,23,Female,3,6.5,23.9,2.63,5.5,9.8,High,4.8,4.6,86.7,No,Good,No,Low
STU0077,21,Male,5,7.1,24.5,3.09,5.5,9.6,High,3.2,7.4,87.0,Yes,Average,No,Low
STU0078,20,Non-binary,3,9.1,26.1,2.53,5.6,9.1,Low,5.1,4.0,84.6,Yes,Poor,No,Low
STU0079,21,Male,2,5.3,17.0,2.54,5.0,4.9,Moderate,2.9,3.6,88.3,Yes,Good,Yes,High
STU0080,17,Female,3,8.1,22.1,2.23,5.8,9.4,Moderate,5.3,8.1,82.9,No,Average,No,Low
STU0081,21,Female,3,7.0,17.3,2.26,,9.7,Low,6.1,7.1,83.0,No,Average,No,Medium
STU0082,22,Male,3,7.7,17.0,2.19,6.4,9.2,High,4.9,7.1,90.6,No,,No,Low
STU0083,24,Female,1,,17.8,,6.0,6.4,Moderate,6.6,7.6,76.5,No,Good,No,Low
STU0084,20,Female,2,5.9,16.2,2.38,7.5,9.1,Moderate,5.2,5.4,75.5,No,Average,No,High
STU0085,19,Male,4,7.6,20.6,2.65,5.6,6.7,High,7.8,5.5,91.3,No,Average,No,Low
STU0086,20,Male,4,7.5,21.4,2.33,6.1,6.2,Low,6.4,8.7,100.0,No,Poor,No,Medium
STU0087,23,Female,1,7.9,17.8,2.5,7.5,10.0,Moderate,3.6,9.8,91.1,Yes,Good,No,Low
STU0088,22,Female,5,6.8,24.5,2.48,5.5,7.0,Moderate,6.7,5.1,97.9,Yes,Good,Yes,Medium
STU0089,20,Non-binary,2,6.1,17.5,2.57,6.5,12.2,Low,4.7,3.5,82.4,No,Average,No,High
STU0090,22,Female,3,5.1,21.1,2.19,5.8,8.1,Low,,7.7,78.7,Yes,Good,No,Medium
STU0091,21,Non-binary,4,7.7,16.3,2.93,7.6,11.7,High,5.6,5.4,90.8,No,Good,No,Low
STU0092,23,Female,4,7.3,18.1,2.05,5.9,6.5,Moderate,5.9,8.4,89.0,No,,No,Low
STU0093,19,Male,5,5.7,28.3,2.51,6.5,8.4,High,4.8,8.7,75.9,No,Average,No,Low
STU0094,20,Male,2,6.2,15.1,2.89,6.4,9.0,Moderate,6.0,5.3,85.8,No,Poor,No,High
STU0095,20,Female,4,6.3,28.2,2.66,4.3,5.7,Low,8.2,7.3,85.8,No,Good,Yes,High
STU0096,18,Female,1,5.2,18.9,2.04,6.8,8.8,Low,7.4,6.4,77.5,Yes,Poor,No,High
STU0097,22,Male,3,5.9,23.9,2.7,5.3,7.5,Moderate,6.9,,82.3,No,Average,No,Medium
STU0098,22,Male,4,5.6,31.3,2.69,5.5,7.7,High,4.2,2.6,92.0,Yes,Average,No,High
STU0099,21,Non-binary,3,6.3,20.7,2.31,3.2,7.9,Low,3.5,7.8,87.1,No,Poor,No,Low
STU0100,20,Female,2,6.0,20.6,2.21,5.9,8.9,High,4.0,8.5,88.8,Yes,Poor,No,Medium
STU0101,18,Male,4,5.0,21.7,3.33,5.4,8.5,High,4.3,4.8,,No,Average,No,Low
STU0102,20,Female,1,9.0,24.8,2.8,4.5,7.6,High,7.7,8.5,80.7,Yes,Poor,No,Low
STU0103,20,Male,1,8.2,22.9,2.18,5.2,8.4,Moderate,7.0,7.2,86.0,No,Average,No,Low
STU0104,19,Male,3,5.9,21.0,2.99,5.3,7.7,High,8.5,7.2,81.3,No,Average,Yes,High
STU0105,21,Male,2,,19.5,2.77,6.0,8.1,Moderate,2.5,9.5,84.4,Yes,Average,Yes,Low
STU0106,22,Male,4,7.3,29.4,2.66,3.7,6.4,Low,6.6,,78.7,No,Average,No,Low
STU0107,25,Female,2,8.1,17.4,2.31,6.6,10.5,Low,7.5,,79.6,Yes,Average,No,Medium
STU0108,21,Male,1,5.9,12.4,2.49,8.1,12.0,High,7.7,7.1,85.6,No,Poor,No,High
STU0109,22,Female,4,8.0,27.5,2.81,5.5,7.7,Low,8.5,9.6,83.7,No,,No,Low
STU0110,21,Female,3,,21.3,2.0,6.7,10.1,Moderate,5.3,9.3,75.8,No,Average,No,Medium
STU0111,17,Male,1,5.3,15.7,2.88,,9.8,Low,1.4,8.9,95.2,Yes,Average,No,Low
STU0112,21,Female,4,7.6,20.7,2.52,7.2,9.7,Low,4.0,4.3,84.3,Yes,,Yes,High
STU0113,21,Female,3,8.2,14.1,2.95,8.5,10.4,Low,,6.6,84.0,No,Average,No,Low
STU0114,26,Female,3,9.6,21.9,3.21,5.3,7.6,High,4.3,8.6,81.7,No,Poor,No,Low
STU0115,21,Male,2,5.5,21.6,2.23,5.1,9.2,Moderate,2.6,5.5,70.3,No,Poor,No,Medium
STU0116,22,Female,4,7.6,23.1,3.03,6.5,9.1,High,8.6,7.4,86.6,No,Average,Yes,Low
STU0117,21,Female,4,6.3,29.7,2.64,5.7,8.4,Moderate,7.3,5.7,76.2,No,Poor,No,High
STU0118,18,Male,3,7.7,18.2,2.02,7.0,7.8,High,,6.8,,No,Average,No,Low
STU0119,24,Male,1,5.2,10.8,,8.8,10.9,Moderate,5.1,8.2,82.6,Yes,Good,Yes,High
STU0120,23,Female,4,5.4,23.7,2.71,5.6,7.8,Moderate,6.4,3.7,97.2,Yes,Poor,No,High
STU0121,23,Female,3,5.9,20.7,2.4,6.4,7.9,Moderate,6.6,9.9,86.0,Yes,Average,No,Medium
STU0122,19,Male,3,6.9,24.1,2.61,4.6,7.1,Moderate,8.0,9.6,80.6,Yes,Good,Yes,Medium
STU0123,24,Female,2,6.1,14.9,2.72,8.6,10.6,High,5.6,4.8,,No,Poor,No,High
STU0124,18,Male,4,7.5,29.5,2.94,4.7,7.3,Moderate,5.0,7.8,93.3,No,Average,No,Low
STU0125,22,Female,4,7.9,31.9,2.76,4.5,7.1,High,8.7,8.0,77.5,No,Poor,Yes,Medium
STU0126,26,Male,1,7.5,14.8,2.68,6.2,7.6,Moderate,7.0,6.1,83.2,Yes,Average,No,Medium
STU0127,19,Female,2,8.6,23.0,2.85,5.1,7.1,Low,6.6,5.9,98.8,No,Average,Yes,Medium
STU0128,20,Male,4,7.3,19.8,1.85,5.3,7.9,Moderate,6.7,6.5,85.4,No,Average,No,Medium
STU0129,21,Male,1,5.5,19.3,2.59,5.5,9.4,Low,6.7,5.5,88.3,No,Average,Yes,High
STU0130,20,Male,5,8.3,31.2,3.13,3.5,6.3,Moderate,5.5,7.3,95.4,No,Average,No,Low
STU0131,18,Male,3,6.1,24.5,2.67,4.8,6.5,Moderate,5.7,4.7,92.4,Yes,,Yes,High
STU0132,21,Female,3,7.8,20.9,2.94,7.9,10.9,High,5.7,7.4,98.7,No,Good,No,Low
STU0133,19,Male,2,8.5,6.2,2.08,8.1,12.6,Low,3.1,,78.3,No,Poor,Yes,Low
STU0134,22,Female,1,7.3,12.4,2.48,7.7,11.3,Low,8.4,8.8,82.2,No,Poor,No,High
STU0135,19,Male,5,5.2,24.5,2.13,6.7,9.9,Low,2.8,5.7,76.3,Yes,Good,No,High
STU0136,24,Male,2,5.8,14.1,2.45,8.4,11.8,Moderate,8.0,3.5,84.5,No,Good,Yes,High
STU0137,19,Male,4,8.3,24.5,3.4,3.8,8.0,High,,4.9,89.5,No,Good,No,Low
STU0138,20,Male,2,6.6,16.3,2.15,5.1,8.9,High,7.4,6.6,70.6,No,Poor,No,High
STU0139,23,Male,1,6.9,11.7,2.11,6.0,9.2,Moderate,2.5,4.3,78.1,Yes,Good,No,Medium
STU0140,18,Male,1,7.6,10.8,2.14,6.5,10.3,High,7.8,,,No,Average,No,Low
STU0141,22,Female,3,7.6,18.1,,5.9,7.1,Low,5.3,8.9,87.4,Yes,Average,Yes,Medium
STU0142,24,Male,5,7.1,31.5,2.62,4.4,5.1,Low,6.5,6.6,90.7,No,Good,No,Low
STU0143,17,Female,2,6.6,15.4,2.55,6.7,9.4,Low,3.9,2.5,84.5,No,Poor,Yes,High
STU0144,21,Female,2,6.5,15.9,2.69,6.4,9.0,High,,8.1,72.9,No,Average,No,Low
STU0145,22,Male,2,7.7,16.2,2.69,5.7,7.5,Moderate,6.5,5.2,85.2,Yes,Good,No,Low
STU0146,23,Female,3,7.4,22.4,2.16,3.6,7.1,Moderate,7.8,4.0,90.3,Yes,Average,No,Medium
STU0147,18,Non-binary,2,6.5,19.8,2.85,5.0,5.3,Low,4.5,4.4,78.8,No,Poor,No,Medium
STU0148,18,Female,4,8.0,11.8,2.7,6.3,8.2,Moderate,4.6,3.4,91.4,No,Poor,No,Low
STU0149,22,Female,3,6.7,25.1,2.97,5.2,7.1,High,,4.0,75.9,No,Average,No,High
STU0150,22,Male,3,5.9,26.7,2.83,4.2,4.7,Low,4.9,6.4,87.1,No,Poor,Yes,Medium
STU0151,22,Female,1,6.0,10.8,2.31,6.4,10.7,Moderate,6.1,6.8,87.7,No,Poor,Yes,High
STU0152,22,Female,5,5.7,23.1,2.9,4.6,5.5,Low,6.1,9.2,85.2,No,Average,Yes,Medium
STU0153,20,Female,1,6.5,13.2,2.93,6.6,8.4,Low,8.5,5.1,100.0,No,Poor,Yes,High
STU0154,22,Non-binary,1,8.2,12.0,2.15,5.7,9.3,Moderate,8.8,6.9,79.4,Yes,,Yes,High
STU0155,22,Male,3,5.9,21.9,2.89,5.0,8.3,Low,9.0,5.2,83.3,Yes,Poor,No,High
STU0156,19,Male,3,7.0,13.2,2.36,5.4,6.6,Moderate,7.2,4.6,85.6,Yes,Good,No,Medium
STU0157,25,Female,2,6.1,13.5,2.29,6.5,9.8,Moderate,6.0,4.9,78.5,Yes,Poor,No,High
STU0158,22,Female,2,6.5,24.2,2.22,4.7,7.5,Moderate,7.8,4.6,73.2,Yes,Good,No,High
STU0159,18,Male,4,5.1,20.3,2.38,6.9,12.2,Moderate,7.4,5.9,76.6,No,Good,Yes,High
STU0160,22,Male,1,6.6,20.0,2.26,6.4,9.4,Moderate,5.4,3.9,88.9,Yes,Average,No,High
STU0161,19,Male,4,6.6,25.4,2.58,5.4,7.7,Low,8.4,7.6,83.3,Yes,Poor,No,High
STU0162,23,Male,3,7.4,13.8,2.1,5.8,7.3,Moderate,6.7,4.6,94.5,Yes,Good,No,Medium
STU0163,24,Female,2,7.0,20.5,2.47,6.3,7.9,Moderate,3.0,4.8,81.7,Yes,Average,Yes,Medium
STU0164,19,Female,2,5.5,17.5,2.29,6.9,8.4,Low,4.8,7.4,88.7,No,Poor,No,Medium
STU0165,23,Male,2,8.0,16.2,2.58,6.5,10.6,High,6.7,8.1,89.1,Yes,Average,Yes,Low
STU0166,22,Male,4,7.0,25.0,2.26,,9.6,Moderate,8.0,9.2,80.4,No,Poor,Yes,Medium
STU0167,23,Male,3,7.0,22.9,2.24,6.2,9.4,High,,4.8,77.3,Yes,Average,No,Medium
STU0168,25,Male,2,6.8,20.8,2.71,6.8,11.1,High,8.7,8.8,74.1,No,Average,No,Low
STU0169,20,Female,3,6.2,25.7,2.47,5.6,5.3,Moderate,4.6,7.5,88.7,Yes,Average,Yes,Medium
STU0170,19,Non-binary,5,7.0,28.6,3.17,5.8,9.8,Moderate,6.3,8.0,97.4,No,Average,No,Low
STU0171,19,Female,2,7.3,12.5,2.45,6.0,8.6,Moderate,7.9,9.5,73.6,Yes,Good,No,Low
STU0172,19,Male,5,4.9,25.1,2.78,5.0,8.0,Moderate,6.7,9.0,84.1,No,Average,No,Medium
STU0173,21,Female,2,6.2,29.8,3.25,5.4,6.9,High,5.1,3.7,84.8,Yes,Average,No,Low
STU0174,22,Female,1,6.5,17.9,2.4,6.6,8.2,Moderate,3.7,4.4,88.3,No,Average,Yes,Medium
STU0175,22,Female,1,7.1,24.5,2.56,6.1,9.2,Low,3.2,7.4,83.1,Yes,Average,No,Medium
STU0176,23,Female,2,8.1,23.6,3.04,6.7,12.1,Moderate,5.7,6.6,97.5,Yes,Average,No,Low
STU0177,21,Male,1,6.0,16.0,2.55,5.0,8.7,High,,6.0,82.6,No,Good,Yes,High
STU0178,24,Male,1,6.3,16.2,,5.4,9.4,Moderate,5.9,6.8,75.6,No,Good,No,Medium
STU0179,20,Male,5,6.2,26.9,3.16,5.5,7.8,Moderate,9.5,6.0,85.7,No,Average,Yes,Medium
STU0180,27,Male,4,5.9,17.0,2.36,5.6,7.4,Moderate,3.0,9.4,81.6,No,Poor,Yes,Medium
STU0181,22,Male,4,6.4,24.1,2.68,9.0,10.6,Moderate,6.2,6.0,89.8,No,Average,No,High
STU0182,19,Female,1,7.6,19.8,2.63,6.5,8.4,Moderate,4.0,6.5,83.2,No,Average,Yes,Low
STU0183,19,Female,1,5.6,12.6,1.99,6.7,6.7,Moderate,3.2,7.4,85.0,No,Average,No,Low
STU0184,22,Female,1,7.3,16.6,2.53,5.8,7.4,Moderate,9.5,8.0,79.6,No,Poor,No,Medium
STU0185,21,Male,4,4.9,27.4,3.08,4.8,6.6,Moderate,8.6,6.1,86.4,Yes,Average,Yes,High
STU0186,23,Non-binary,5,6.2,23.4,2.77,5.7,8.0,Moderate,6.1,4.6,81.1,No,Average,No,Low
STU0187,22,Female,2,6.4,16.2,2.44,6.5,9.2,Moderate,,6.4,78.7,No,Poor,No,Medium
STU0188,21,Female,1,8.6,10.9,2.38,6.5,9.4,Low,4.2,7.1,93.2,No,Good,No,Low
STU0189,19,Non-binary,3,6.5,17.7,2.59,6.0,8.5,Low,4.0,7.8,80.5,No,Good,No,Low
STU0190,18,Female,2,4.4,12.8,2.42,8.1,9.9,Low,2.3,4.6,82.1,No,,No,High
STU0191,20,Non-binary,2,4.6,14.4,2.44,7.9,8.0,Moderate,7.4,7.3,,No,Average,No,High
STU0192,23,Male,3,6.8,26.7,2.68,5.6,7.4,Low,8.2,2.8,91.3,Yes,Average,Yes,High
STU0193,21,Male,3,7.5,17.3,2.64,4.9,6.2,Moderate,4.9,8.3,97.3,Yes,Average,No,Low
STU0194,18,Male,1,7.2,15.5,2.61,7.0,10.1,Low,3.0,8.8,89.0,Yes,Average,No,Low
STU0195,21,Male,1,7.0,13.0,2.08,8.3,11.9,Moderate,7.7,6.5,78.3,No,Average,Yes,High
STU0196,22,Male,5,,31.7,3.07,6.2,9.8,Moderate,7.4,5.1,100.0,Yes,Poor,No,Medium
STU0197,19,Female,1,6.2,20.2,1.89,6.7,10.1,Moderate,7.2,6.5,85.4,No,Average,No,High
STU0198,21,Female,1,7.8,18.5,2.75,7.6,9.9,Moderate,4.6,7.3,85.4,Yes,Good,No,Low
STU0199,21,Female,1,5.0,16.2,2.53,6.4,8.3,Low,5.7,9.1,85.6,Yes,Poor,Yes,High
STU0200,18,Male,1,5.8,14.1,2.55,7.2,8.8,High,9.1,4.3,86.6,Yes,Average,No,High
STU0201,22,Female,2,4.8,13.2,2.11,6.0,6.7,Low,4.9,7.0,81.0,Yes,Average,No,High
STU0202,22,Female,4,6.5,31.8,3.0,5.1,8.8,Moderate,8.9,6.7,78.4,No,Average,No,Medium
STU0203,23,Male,2,6.7,15.0,2.85,7.8,10.1,High,6.3,5.2,98.5,No,Poor,No,Medium
STU0204,23,Female,2,6.9,20.7,3.03,5.3,6.3,Moderate,6.8,4.8,,No,Good,No,Low
STU0205,18,Male,3,6.9,25.2,2.73,4.6,6.1,High,7.1,4.5,87.7,No,Poor,Yes,Medium
STU0206,19,Male,3,5.8,18.8,2.51,6.2,7.7,Low,,9.0,99.6,No,Good,No,Medium
STU0207,22,Female,4,6.6,28.2,3.14,5.0,7.6,Moderate,6.5,7.8,84.1,No,Poor,Yes,High
STU0208,22,Male,4,5.2,27.1,2.23,5.9,9.7,Moderate,3.8,7.7,88.0,No,Poor,No,Medium
STU0209,22,Female,1,8.3,21.9,2.64,5.4,7.5,Low,2.1,6.7,80.3,No,Good,Yes,Low
STU0210,29,Female,4,6.5,22.1,3.02,7.5,7.3,Moderate,7.8,6.9,90.4,Yes,,No,Low
STU0211,22,Female,2,6.3,12.9,2.62,5.4,7.7,Moderate,4.5,4.1,87.1,No,Good,No,Medium
STU0212,23,Male,5,8.5,25.0,2.96,6.8,9.1,Moderate,7.6,8.7,93.3,Yes,Poor,Yes,Medium
STU0213,23,Male,2,5.4,18.8,1.99,5.4,7.6,High,3.6,7.2,90.4,No,Average,No,Low
STU0214,22,Male,5,5.6,27.2,2.69,3.5,5.2,Low,4.1,8.0,82.1,Yes,Poor,No,Low
STU0215,20,Female,4,5.6,22.4,2.39,6.0,8.8,Low,,8.8,94.3,No,Poor,No,Medium
STU0216,23,Male,1,6.7,7.4,2.29,7.0,9.6,Moderate,8.0,,94.2,No,Poor,Yes,High
STU0217,19,Male,3,7.3,22.9,2.46,4.6,7.1,Moderate,5.2,6.6,83.0,Yes,Poor,No,Medium
STU0218,20,Non-binary,5,7.6,34.9,2.77,2.8,5.8,Moderate,8.1,5.2,86.6,No,Good,No,Low
STU0219,20,Female,4,9.6,25.9,2.33,5.4,7.4,Moderate,3.8,6.8,80.5,No,Poor,No,Low
STU0220,21,Male,1,4.3,17.4,2.69,7.2,9.1,Low,,6.2,84.0,Yes,Average,No,High
STU0221,26,Female,3,7.5,23.3,2.6,6.3,10.5,Moderate,7.0,5.0,77.2,No,Average,Yes,Medium
STU0222,17,Female,2,,19.6,2.57,6.1,9.3,High,5.6,4.9,90.9,No,Poor,No,Medium
STU0223,23,Male,1,6.2,18.7,2.49,6.6,10.1,Moderate,5.4,5.1,70.6,Yes,Good,No,Medium
STU0224,17,Male,2,6.1,19.6,2.19,6.0,10.0,Moderate,6.4,7.7,78.3,Yes,Average,No,High
STU0225,20,Female,1,5.8,13.7,1.94,5.2,8.3,Low,,4.2,81.3,No,Good,No,High
STU0226,23,Female,4,8.7,20.8,2.43,,8.1,Low,4.3,8.7,93.7,No,Good,Yes,Low
STU0227,21,Female,2,7.7,17.0,2.33,6.1,6.7,Low,8.0,4.2,80.2,Yes,Good,No,High
STU0228,19,Male,4,6.8,25.3,2.84,5.3,8.0,Moderate,7.3,3.1,90.0,No,Good,Yes,Medium
STU0229,19,Male,1,8.3,13.7,2.25,7.5,9.8,High,6.8,6.0,82.9,No,Poor,No,Low
STU0230,22,Male,2,5.1,19.3,2.96,6.8,11.3,Moderate,9.1,7.7,94.4,No,Poor,No,High
STU0231,19,Male,1,5.3,16.8,2.68,6.9,10.5,Low,4.8,3.6,88.7,No,Average,No,High
STU0232,21,Male,1,4.4,18.3,2.6,5.9,7.6,Low,7.8,8.9,91.4,Yes,Average,Yes,High
STU0233,21,Male,1,,20.1,2.49,4.6,7.5,Moderate,8.0,5.2,81.1,Yes,Good,No,Medium
STU0234,20,Female,1,7.0,15.3,2.9,6.9,9.6,Moderate,6.5,,80.3,Yes,Average,No,Medium
STU0235,26,Non-binary,3,6.9,15.8,2.39,6.9,9.9,Moderate,8.7,8.0,86.9,No,Poor,Yes,High
STU0236,22,Female,2,7.0,16.6,2.48,4.0,5.3,Moderate,4.8,3.6,81.5,No,Poor,Yes,Medium
STU0237,17,Female,2,5.2,18.2,2.46,5.3,8.2,Moderate,6.1,7.0,85.0,No,Poor,No,Medium
STU0238,21,Male,2,7.7,10.7,2.57,6.2,8.4,Low,8.1,4.5,87.6,No,Average,No,Medium
STU0239,20,Non-binary,4,7.1,29.6,3.08,5.2,8.0,Low,4.0,9.1,97.2,No,Poor,No,Low
STU0240,23,Male,5,7.6,27.6,2.72,4.4,6.0,Low,,7.4,91.8,Yes,Average,No,Low
STU0241,19,Non-binary,2,4.7,19.5,2.25,6.0,7.8,Low,,4.2,78.7,No,Average,No,High
STU0242,21,Non-binary,2,7.1,23.5,2.89,5.4,9.3,Low,7.5,6.3,79.3,Yes,Poor,Yes,High
STU0243,22,Female,1,5.5,12.5,2.47,6.6,7.8,Low,3.7,8.7,96.8,No,Average,No,Medium
STU0244,23,Non-binary,5,6.4,29.3,2.71,4.4,5.7,Moderate,8.6,4.8,75.2,No,Average,No,High
STU0245,18,Female,1,7.4,14.6,1.98,5.9,8.3,Moderate,8.8,6.1,,No,Average,No,Medium
STU0246,20,Male,2,6.9,17.3,2.44,5.2,6.8,Moderate,3.5,9.5,89.2,No,Good,No,Low
STU0247,20,Male,2,5.9,14.9,2.55,6.9,8.3,High,5.0,5.0,96.8,Yes,Poor,No,Medium
STU0248,20,Female,2,6.8,24.7,3.26,6.1,8.7,Low,4.5,5.4,88.2,Yes,Average,No,Medium
STU0249,25,Male,1,5.1,13.5,1.9,5.9,6.6,High,7.3,5.2,81.6,No,Good,Yes,High
STU0250,22,Female,4,8.1,26.8,2.74,6.8,8.1,Moderate,8.1,8.9,80.3,No,Average,No,Low
STU0251,18,Non-binary,1,6.6,7.5,2.07,6.9,11.9,Moderate,5.8,4.7,83.3,Yes,Average,No,High
STU0252,23,Male,3,8.0,25.7,3.24,7.0,10.1,Moderate,9.5,3.4,81.4,Yes,Average,No,Medium
STU0253,26,Female,1,6.2,19.2,2.5,5.4,7.0,Low,6.1,6.5,79.7,Yes,Average,No,High
STU0254,23,Female,1,6.2,15.4,2.12,4.4,7.4,High,6.5,6.4,88.1,No,Poor,Yes,High
STU0255,18,Female,5,6.0,26.1,2.87,5.8,9.0,Low,5.7,5.6,84.2,No,Average,Yes,High
STU0256,20,Non-binary,1,7.8,16.6,2.42,6.6,10.3,Low,8.9,4.6,90.9,No,Average,No,High
STU0257,24,Female,4,6.0,33.2,2.55,4.7,7.0,Low,5.3,8.0,84.2,No,Average,Yes,High
STU0258,19,Non-binary,3,7.5,13.9,2.17,6.0,9.7,Low,8.0,5.1,73.4,No,Average,No,High
STU0259,22,Female,1,6.4,18.1,3.01,6.2,6.3,Low,6.4,4.7,96.2,Yes,Average,No,High
STU0260,23,Male,5,4.6,23.4,2.64,5.1,6.3,Low,4.5,4.4,76.6,No,Average,No,High
STU0261,19,Female,1,6.2,14.9,2.41,6.2,8.9,Low,5.9,6.5,80.2,No,Poor,No,High
STU0262,21,Female,4,5.5,23.0,2.5,6.5,9.4,High,4.3,6.8,83.6,Yes,Poor,No,High
STU0263,17,Male,1,6.8,13.3,2.46,6.9,8.3,Low,7.6,4.4,91.8,No,Average,Yes,High
STU0264,19,Female,4,5.5,24.0,2.69,6.2,9.0,Low,8.3,5.6,82.5,No,Poor,Yes,High
STU0265,20,Female,1,7.8,10.5,2.45,6.7,8.5,Moderate,8.2,8.5,78.2,No,Average,No,Low
STU0266,18,Male,3,6.7,25.1,2.76,5.1,7.3,High,8.3,6.9,87.7,No,Average,No,Medium
STU0267,25,Female,4,6.6,16.8,2.73,5.2,8.9,Low,4.7,9.5,84.9,No,Poor,No,Medium
STU0268,18,Female,5,7.5,29.2,2.91,4.7,8.3,Low,6.3,3.6,84.2,No,Good,No,Medium
STU0269,20,Female,5,7.9,25.7,2.53,2.1,3.4,High,3.7,8.2,86.7,No,Average,No,Low
STU0270,21,Male,4,,19.3,2.37,5.5,6.7,Low,9.2,6.1,75.8,No,Poor,No,Medium
STU0271,24,Male,4,6.0,24.8,2.07,5.4,7.4,Moderate,5.0,7.5,70.4,Yes,,No,High
STU0272,18,Male,1,4.8,8.8,2.71,7.7,10.2,Low,8.3,5.0,100.0,No,Average,Yes,High
STU0273,24,Female,2,6.0,18.2,2.72,5.9,7.6,High,2.6,3.2,87.0,Yes,Average,No,Low
STU0274,21,Male,2,6.1,12.3,2.05,7.1,10.8,High,5.7,7.4,83.5,No,Good,No,Medium
STU0275,19,Female,2,6.9,19.8,2.49,3.8,6.7,High,2.8,4.5,79.5,No,Average,Yes,Medium
STU0276,22,Male,2,6.4,14.3,2.19,6.5,9.5,Low,8.7,4.7,89.4,Yes,Good,Yes,High
STU0277,21,Male,3,7.6,19.2,3.07,4.4,5.4,Moderate,5.3,7.4,84.7,No,Poor,Yes,Low
STU0278,20,Female,1,6.1,16.2,1.99,5.2,9.1,Low,7.3,5.8,62.4,No,Average,Yes,High
STU0279,21,Female,3,6.7,17.9,2.54,6.0,5.1,High,6.5,7.6,81.3,No,Good,Yes,Medium
STU0280,20,Male,1,8.1,14.8,2.48,7.8,11.3,High,3.3,4.3,82.9,No,Poor,No,Low
STU0281,21,Male,2,7.2,11.9,2.61,7.2,10.8,Moderate,4.9,6.3,84.5,No,Poor,No,Medium
STU0282,22,Male,3,6.7,23.5,2.64,,7.7,Moderate,6.2,4.2,84.4,No,Average,No,Medium
STU0283,24,Female,4,6.1,31.1,2.33,4.9,8.9,Low,2.2,5.4,79.5,Yes,Good,No,Medium
STU0284,18,Female,4,6.1,35.2,2.91,3.8,6.2,Moderate,6.8,6.6,82.3,Yes,Average,Yes,High
STU0285,26,Male,3,5.9,21.4,2.26,5.3,7.9,Moderate,2.4,4.7,81.5,Yes,Average,Yes,High
STU0286,17,Male,1,6.2,18.2,2.5,6.6,9.5,Moderate,7.5,7.4,73.5,Yes,Average,Yes,High
STU0287,21,Male,3,7.6,13.9,2.88,5.2,11.5,Moderate,6.8,3.1,73.6,Yes,Poor,No,High
STU0288,22,Female,1,6.6,21.0,2.07,6.5,10.6,Low,8.3,4.7,83.1,No,Average,Yes,High
STU0289,22,Non-binary,2,5.3,21.1,,5.5,8.8,High,2.2,3.5,84.4,No,Poor,No,Medium
STU0290,20,Male,2,8.7,16.1,2.43,7.2,8.6,High,9.2,8.0,90.7,No,Average,Yes,Medium
STU0291,21,Female,1,7.2,19.9,2.49,7.0,9.7,High,1.9,6.7,83.2,Yes,Good,Yes,Low
STU0292,20,Male,2,,17.0,2.6,4.6,6.1,Moderate,7.1,4.9,77.2,No,Average,Yes,High
STU0293,20,Male,5,6.3,25.2,2.64,4.9,8.4,Moderate,2.5,8.4,72.3,No,Good,No,Low
STU0294,23,Female,5,6.9,28.9,2.97,4.3,7.0,Low,5.0,8.2,81.6,No,Poor,Yes,Medium
STU0295,22,Female,2,8.7,13.7,2.33,4.8,6.0,High,,6.4,86.9,No,Average,Yes,Low
STU0296,19,Non-binary,1,5.6,19.1,2.53,5.1,7.7,Moderate,4.2,7.7,95.3,No,Good,No,Low
STU0297,23,Female,1,7.9,10.8,2.61,9.4,10.9,Moderate,6.8,6.9,86.0,Yes,Poor,No,Medium
STU0298,22,Male,2,8.3,13.8,2.28,7.2,9.9,Moderate,7.1,7.7,75.2,No,Poor,No,Low
STU0299,23,Female,5,6.1,23.4,2.86,7.6,9.1,High,4.9,7.0,81.0,No,Average,No,Low
STU0300,22,Male,1,6.5,18.0,2.51,7.0,9.5,Low,8.3,7.6,79.1,No,Average,No,High
STU0301,19,Female,4,,21.5,2.86,5.1,8.5,Low,3.2,9.4,84.3,No,Good,Yes,Low
STU0302,20,Male,1,6.6,9.6,,6.7,9.1,Moderate,3.2,8.0,91.0,No,Average,No,Medium
STU0303,23,Female,5,6.8,24.6,2.83,6.1,8.1,High,2.9,6.4,,No,Good,No,Low
STU0304,22,Male,2,7.5,17.9,2.55,6.6,9.3,Moderate,5.9,8.0,84.1,No,Good,No,Medium
STU0305,21,Male,4,8.0,19.3,2.61,5.5,8.8,Moderate,2.5,7.4,86.9,No,Poor,No,Low
STU0306,21,Female,2,6.0,13.4,2.4,5.2,6.4,Moderate,6.0,8.1,78.8,No,Average,No,Low
STU0307,24,Male,3,4.6,29.4,2.87,8.3,11.1,Moderate,7.6,9.6,75.3,No,Poor,No,High
STU0308,20,Female,1,6.8,11.6,1.95,6.7,10.8,Moderate,5.5,5.0,94.2,Yes,Poor,Yes,High
STU0309,22,Male,1,7.1,13.7,2.84,6.3,9.5,Moderate,2.6,4.2,70.8,No,Good,No,Low
STU0310,21,Male,5,7.1,25.5,2.2,5.6,8.2,Low,7.4,9.0,70.3,Yes,Poor,No,Medium
STU0311,21,Male,5,6.4,25.3,2.5,5.2,8.5,High,7.0,,97.6,No,Average,No,Low
STU0312,23,Male,4,6.9,26.5,2.75,5.5,8.5,Moderate,5.5,7.4,86.6,No,Average,No,Low
STU0313,23,Female,3,8.5,24.8,2.96,6.8,10.2,Moderate,4.6,8.1,79.9,Yes,Poor,No,Low
STU0314,23,Male,4,7.2,22.8,3.16,5.6,5.7,Low,7.3,3.6,93.7,Yes,,No,Medium
STU0315,24,Non-binary,1,6.4,10.1,1.69,5.8,6.4,Low,9.2,4.9,85.6,No,Average,No,High
STU0316,21,Female,2,6.2,23.1,2.47,5.5,9.2,High,5.4,7.9,75.5,No,Average,Yes,Medium
STU0317,23,Male,2,6.6,17.6,1.85,5.8,6.5,Low,4.1,,77.4,No,Good,No,Low
STU0318,20,Female,3,8.6,27.9,2.95,6.6,9.6,Moderate,4.0,7.8,93.8,No,Average,No,Low
STU0319,22,Female,2,6.6,9.0,2.31,8.3,10.4,Moderate,6.2,5.1,78.1,No,Poor,Yes,High
STU0320,21,Female,1,6.8,15.8,2.93,6.5,7.8,Moderate,7.3,9.5,89.6,No,Poor,No,Low
STU0321,21,Male,3,6.3,28.7,2.84,3.9,6.8,Low,3.3,8.1,97.0,No,Average,No,Low
STU0322,22,Male,4,8.0,22.6,3.05,4.5,7.2,Low,6.5,5.6,71.6,No,Average,No,Low
STU0323,19,Female,2,9.0,17.1,2.82,6.3,11.3,High,6.4,7.5,84.5,No,Good,No,Low
STU0324,26,Female,1,7.3,16.2,2.37,6.7,8.5,Moderate,5.6,5.8,86.1,No,Average,Yes,Medium
STU0325,19,Female,1,,12.8,1.94,6.3,10.5,Low,6.4,9.7,69.1,No,Poor,No,High
STU0326,18,Male,1,6.8,13.8,2.47,6.1,9.0,Low,5.6,7.5,81.1,Yes,Poor,No,High
STU0327,24,Female,2,4.2,16.6,1.84,5.7,7.4,High,3.7,4.6,88.4,Yes,Average,No,High
STU0328,23,Female,3,7.6,18.5,2.98,6.1,9.6,Low,3.6,4.2,82.9,Yes,Average,No,Low
STU0329,22,Female,3,6.9,25.9,2.71,3.0,6.2,Moderate,4.5,6.0,75.9,No,Poor,Yes,Low
STU0330,22,Male,3,7.3,22.8,3.05,4.6,7.1,Moderate,8.1,5.0,96.2,No,Average,No,Medium
STU0331,21,Female,2,6.0,19.0,2.35,5.5,8.3,High,,6.2,87.2,No,Good,No,Medium
STU0332,19,Male,4,6.4,27.2,2.84,6.5,8.3,Moderate,6.2,8.1,86.6,No,,No,Low
STU0333,21,Male,1,6.3,13.9,2.42,5.8,7.3,Moderate,6.3,7.4,83.8,No,,No,Medium
STU0334,20,Female,2,7.9,14.9,2.49,6.7,10.1,Low,9.7,8.1,92.1,No,Good,No,Medium
STU0335,23,Male,4,6.4,21.6,2.47,6.1,8.3,High,8.1,5.2,86.9,No,Poor,No,High
STU0336,21,Male,1,9.1,15.0,2.7,7.8,10.2,Moderate,7.0,8.8,90.7,No,Poor,No,Low
STU0337,19,Male,1,7.3,10.8,2.06,8.2,11.0,High,5.5,7.2,77.5,No,Poor,No,Medium
STU0338,20,Female,4,5.4,22.0,2.18,5.7,8.5,Moderate,6.1,9.4,69.7,No,Poor,No,Medium
STU0339,22,Female,2,,15.9,2.82,5.9,6.7,Moderate,6.4,2.4,91.3,Yes,Good,No,Medium
STU0340,20,Male,3,6.1,29.5,3.03,4.4,8.4,Low,4.4,4.8,95.9,Yes,Poor,No,High
STU0341,19,Female,1,4.4,3.9,1.94,7.4,10.0,Moderate,5.8,9.2,80.1,Yes,Average,Yes,High
STU0342,22,Female,3,8.6,20.3,3.21,5.5,7.8,Low,8.0,5.0,95.5,No,Average,Yes,Medium
STU0343,22,Male,2,7.6,24.9,2.7,6.1,9.1,Moderate,2.8,3.9,83.9,No,Average,Yes,Low
STU0344,20,Female,1,7.4,15.5,2.88,6.9,9.7,Low,4.3,6.8,86.6,No,Average,No,Low
STU0345,20,Female,3,7.0,24.0,2.76,6.2,9.6,Low,8.7,8.3,98.8,Yes,Average,No,Medium
STU0346,22,Female,1,5.3,15.4,2.03,7.7,10.8,Low,7.2,5.3,80.1,No,Average,No,High
STU0347,18,Male,2,6.3,15.3,2.95,8.3,11.7,Low,7.1,3.5,85.2,No,Good,No,High
STU0348,18,Female,1,7.7,6.0,2.52,7.5,11.6,High,6.9,5.7,72.0,No,Poor,Yes,Medium
STU0349,19,Female,1,5.6,15.8,2.33,7.5,11.1,Moderate,3.4,2.4,88.8,Yes,Poor,No,High
STU0350,21,Male,2,4.0,14.9,2.45,6.2,8.5,Moderate,7.2,2.7,79.7,No,Average,No,High
STU0351,22,Male,1,6.6,11.8,2.19,8.0,9.2,Low,4.5,6.3,84.2,No,Average,No,Low
STU0352,24,Male,5,6.6,25.0,2.96,6.6,11.1,Moderate,6.9,8.3,85.6,No,Average,Yes,High
STU0353,23,Male,1,6.9,22.0,1.93,6.8,9.0,Moderate,4.8,7.7,78.5,Yes,Good,No,High
STU0354,21,Female,2,7.6,27.6,2.55,5.3,7.2,High,9.2,7.7,84.5,Yes,Good,Yes,Medium
STU0355,21,Male,1,7.5,15.9,2.8,5.7,6.1,High,3.1,4.6,86.5,No,Good,No,Low
STU0356,19,Male,2,7.1,16.1,2.41,5.0,7.9,Moderate,4.2,7.4,92.7,No,Average,No,Low
STU0357,21,Female,5,8.1,22.3,2.8,5.7,8.4,Moderate,7.9,7.3,97.4,Yes,Poor,No,Low
STU0358,20,Male,1,5.1,16.9,1.96,7.8,8.5,Low,5.6,4.2,86.3,No,Good,No,High
STU0359,22,Non-binary,5,7.4,34.1,3.6,4.3,7.3,Moderate,6.1,5.6,100.0,Yes,Good,No,Low
STU0360,19,Male,1,7.5,14.0,2.8,7.4,9.3,Low,7.5,3.0,92.8,No,Average,No,High
STU0361,22,Male,4,5.4,14.5,,7.4,13.1,Low,5.9,6.9,87.0,No,Good,No,High
STU0362,24,Male,3,5.1,23.7,2.45,5.3,7.1,Low,4.6,3.0,94.9,Yes,Good,No,High
STU0363,21,Male,4,6.0,27.9,3.07,6.5,8.5,Moderate,4.9,4.9,79.3,No,Average,No,Medium
STU0364,22,Male,3,6.1,14.7,2.96,3.6,5.1,Moderate,3.6,8.8,83.0,No,Poor,Yes,Medium
STU0365,23,Female,3,7.6,21.7,2.97,4.6,8.6,Moderate,7.8,7.9,82.1,No,Average,No,Low
STU0366,20,Non-binary,1,6.1,16.8,3.08,5.4,7.5,Moderate,7.9,9.3,86.4,Yes,Good,Yes,Medium
STU0367,21,Male,1,5.9,14.7,2.08,5.7,7.3,Low,4.7,7.3,87.3,No,Poor,No,High
STU0368,21,Female,5,6.1,23.8,2.4,6.0,9.3,Moderate,5.0,7.9,76.6,No,Average,Yes,Medium
STU0369,21,Female,2,8.0,22.1,2.37,6.1,6.9,High,8.6,3.2,87.7,No,Average,Yes,Medium
STU0370,19,Female,2,6.8,16.4,2.6,6.8,10.1,High,6.5,7.3,81.5,No,Poor,No,Medium
STU0371,21,Male,4,6.6,18.1,2.56,6.8,11.4,Moderate,8.3,6.8,82.9,No,Average,No,High
STU0372,22,Male,2,6.7,9.8,2.22,6.1,9.3,Moderate,4.9,4.2,84.7,No,Average,No,Medium
STU0373,24,Male,5,8.2,32.0,3.28,3.6,6.9,Moderate,6.8,4.7,100.0,No,Good,Yes,Low
STU0374,23,Female,4,6.0,26.5,3.08,5.7,9.2,Low,7.5,5.8,83.5,No,Average,Yes,High
STU0375,26,Female,3,8.2,21.4,2.26,5.2,9.8,Low,9.1,6.6,83.0,Yes,Good,No,Medium
STU0376,19,Male,4,7.0,22.2,2.48,4.2,8.2,Low,3.2,4.2,77.3,No,Poor,No,Medium
STU0377,23,Male,1,6.6,12.9,2.6,7.7,10.7,Low,9.7,9.1,80.5,Yes,Poor,No,High
STU0378,21,Female,2,9.6,13.7,2.44,8.0,11.6,Moderate,9.0,8.3,77.0,No,Good,No,Low
STU0379,26,Female,2,,16.3,2.14,7.9,9.3,High,6.5,6.6,84.6,No,Average,No,High
STU0380,19,Non-binary,1,6.4,6.5,2.45,,10.9,Moderate,7.1,7.8,87.7,Yes,,No,High
STU0381,19,Female,4,5.4,21.1,2.12,6.5,7.8,Moderate,5.0,6.5,87.5,Yes,Poor,No,High
STU0382,20,Male,5,7.8,25.8,2.73,6.8,8.9,Moderate,,6.1,81.1,Yes,Average,No,Low
STU0383,17,Female,2,8.7,20.4,2.82,5.3,4.1,Low,3.8,8.8,90.5,Yes,Poor,Yes,Medium
STU0384,20,Female,2,8.6,17.8,2.46,,10.3,Low,6.3,8.4,85.6,No,Average,No,Low
STU0385,19,Male,5,8.1,30.2,3.21,5.3,7.0,Moderate,6.6,7.3,,No,Average,No,Low
STU0386,21,Female,2,6.6,23.4,2.49,6.6,10.4,Moderate,8.1,8.4,76.3,Yes,Average,No,Low
STU0387,22,Female,2,6.4,22.2,3.04,6.0,9.0,High,5.4,9.9,89.3,Yes,Good,No,Low
STU0388,25,Male,2,5.0,19.9,2.41,7.3,11.1,Moderate,3.6,8.7,85.8,No,Poor,No,Medium
STU0389,23,Female,5,9.0,27.0,3.14,5.5,6.7,High,9.1,7.2,89.6,Yes,Average,Yes,Low
STU0390,20,Female,3,7.3,17.1,2.75,4.8,8.5,Moderate,7.0,2.8,89.3,No,Poor,Yes,High
STU0391,19,Non-binary,4,6.3,27.0,2.56,6.8,11.8,Moderate,,9.0,90.2,Yes,Good,No,Low
STU0392,22,Male,4,8.3,30.7,2.39,4.0,7.4,Moderate,6.6,4.2,76.7,No,Good,No,Medium
STU0393,18,Male,2,5.7,19.4,2.59,7.3,10.7,Low,8.6,7.7,84.0,No,Average,Yes,High
STU0394,25,Female,2,7.2,25.7,2.8,5.3,8.0,Low,5.9,6.0,90.4,Yes,Average,Yes,Medium
STU0395,24,Male,4,6.6,17.9,2.67,7.4,9.3,Low,5.5,7.0,84.1,Yes,Poor,Yes,High
STU0396,20,Female,2,7.5,13.4,2.36,7.8,11.2,Moderate,6.6,8.5,90.9,No,Good,Yes,Low
STU0397,17,Female,4,6.7,27.4,,5.7,6.4,Moderate,6.6,6.1,86.6,Yes,Average,No,Medium
STU0398,24,Male,5,5.2,28.1,3.31,5.7,7.7,Low,6.4,6.0,76.2,No,Good,Yes,High
STU0399,21,Female,3,6.9,26.3,2.33,5.8,6.2,Moderate,8.9,8.7,89.9,Yes,Poor,No,Medium
STU0400,24,Female,4,8.0,23.9,3.0,3.6,5.3,Low,7.7,7.4,87.2,No,Average,No,Low
STU0401,17,Male,4,6.8,20.5,2.42,6.1,9.4,Moderate,5.2,5.9,72.1,No,Average,Yes,Medium
STU0402,20,Female,4,7.7,23.1,2.63,4.6,7.7,Moderate,3.9,3.4,84.0,No,Good,No,Low
STU0403,21,Female,2,5.6,11.9,2.15,7.0,9.6,Moderate,4.7,3.4,74.0,Yes,Average,No,High
STU0404,21,Female,1,6.8,10.5,2.05,5.8,8.5,Moderate,7.9,5.2,87.6,No,Average,Yes,High
STU0405,20,Female,2,6.1,21.9,2.76,4.6,4.8,Low,5.6,6.8,86.3,No,Good,No,Medium
STU0406,22,Female,3,7.6,24.5,3.18,7.2,9.3,High,5.1,5.3,82.6,No,Poor,Yes,Low
STU0407,19,Female,2,,19.5,2.7,7.1,8.8,Low,7.9,6.5,91.9,No,Average,Yes,High
STU0408,21,Female,4,7.6,17.1,2.58,6.3,8.0,Low,8.5,3.0,88.7,Yes,Average,Yes,High
STU0409,21,Female,2,8.0,16.6,2.26,,9.7,Low,2.1,8.4,81.9,Yes,Poor,No,Low
STU0410,22,Female,3,7.6,16.1,2.67,6.1,7.6,Moderate,3.6,8.7,77.3,Yes,Average,No,Low
STU0411,23,Male,1,7.1,19.7,3.23,6.6,8.4,Moderate,7.5,7.2,83.5,Yes,Average,No,Low
STU0412,19,Female,4,5.7,21.7,2.44,5.2,5.2,Moderate,4.8,7.1,78.6,Yes,Average,No,High
STU0413,18,Male,3,6.8,16.7,2.36,7.3,9.4,Moderate,5.9,8.1,89.4,Yes,Average,Yes,Medium
STU0414,24,Male,1,6.2,15.1,2.22,6.2,7.4,Low,5.0,9.0,71.6,Yes,Good,No,High
STU0415,22,Male,2,6.4,15.4,2.26,,8.6,High,7.8,4.7,83.2,Yes,Good,No,High
STU0416,19,Non-binary,4,6.4,29.9,2.02,5.0,6.4,Moderate,8.0,5.6,80.4,Yes,Good,No,Medium
STU0417,24,Female,2,5.7,15.1,2.47,5.9,8.5,Moderate,6.0,9.6,92.1,Yes,Good,No,Low
STU0418,21,Female,1,4.6,9.4,1.85,7.4,9.7,Moderate,6.9,8.3,82.7,Yes,Good,No,High
STU0419,24,Female,5,6.1,18.4,2.0,5.6,10.1,Low,5.4,5.1,85.7,No,Good,No,High
STU0420,21,Female,3,7.0,20.9,2.84,6.4,9.5,Low,4.2,5.7,83.4,Yes,Good,No,Low
STU0421,26,Female,5,5.3,24.8,2.29,6.7,7.0,Moderate,6.9,6.9,75.1,Yes,Average,Yes,High
STU0422,25,Female,2,6.8,12.3,2.24,6.1,7.1,Low,4.1,5.7,81.2,Yes,Average,Yes,Medium
STU0423,20,Male,2,8.9,22.8,3.25,5.6,8.2,Low,6.7,3.7,94.9,No,Average,Yes,Medium
STU0424,23,Male,4,7.9,26.7,2.43,5.8,7.2,High,8.3,6.6,,No,Good,Yes,Low
STU0425,22,Female,3,8.6,20.9,2.27,5.5,4.4,Moderate,4.3,6.3,80.6,Yes,Average,No,Low
STU0426,24,Female,3,7.2,26.5,2.88,5.8,9.9,Moderate,6.0,,81.3,No,Good,Yes,Medium
STU0427,19,Male,2,8.1,20.7,3.03,6.5,9.9,Moderate,7.7,7.6,80.8,No,Poor,No,Low
STU0428,23,Male,2,6.0,14.7,1.89,7.6,10.7,High,8.0,9.2,80.4,No,Good,No,Medium
STU0429,23,Female,1,6.1,10.8,2.37,6.3,8.1,Low,7.6,8.7,85.2,No,Average,No,Medium
STU0430,17,Male,1,3.8,18.3,2.49,5.2,8.2,High,8.4,8.3,95.3,No,Poor,Yes,High
STU0431,18,Female,1,8.1,16.6,1.95,6.0,7.7,Moderate,5.6,7.3,82.6,Yes,Good,Yes,Medium
STU0432,17,Non-binary,1,8.5,15.7,2.81,5.5,8.2,Low,6.6,8.5,91.2,No,Average,Yes,Medium
STU0433,20,Male,5,6.2,23.6,2.9,6.2,7.6,Low,3.1,3.1,81.9,No,Poor,No,Medium
STU0434,23,Male,1,6.5,17.4,2.38,5.1,9.4,Moderate,5.3,5.7,84.6,No,Poor,No,Medium
STU0435,24,Female,3,6.0,18.0,2.84,8.5,9.1,Moderate,7.3,3.9,88.0,No,Poor,No,Medium
STU0436,21,Female,4,7.2,23.6,3.05,6.9,10.9,Low,4.6,3.4,87.3,Yes,Poor,No,Medium
STU0437,25,Female,3,8.0,26.8,2.89,5.3,7.8,Moderate,8.9,3.3,87.2,Yes,Average,No,Medium
STU0438,18,Non-binary,1,4.9,12.4,2.08,7.6,9.5,Moderate,7.5,4.9,83.4,No,Good,Yes,High
STU0439,17,Male,4,7.3,17.7,2.25,4.6,7.3,Moderate,9.7,8.4,86.9,No,Average,No,Medium
STU0440,21,Female,3,6.5,16.8,2.45,8.8,12.2,High,5.6,7.2,92.9,No,Average,No,Medium
STU0441,22,Female,4,6.9,28.0,2.99,4.6,8.7,High,8.2,6.0,72.1,No,Good,Yes,Low
STU0442,21,Female,4,7.3,25.0,2.66,5.4,8.3,Moderate,7.6,7.6,93.8,Yes,Average,No,Medium
STU0443,17,Male,5,6.6,26.5,2.1,3.5,4.9,High,5.4,3.3,70.6,No,Average,No,Medium
STU0444,21,Female,3,6.7,19.0,2.92,6.6,9.2,Low,4.7,7.2,89.7,No,Average,No,Low
STU0445,18,Female,2,6.6,19.9,2.62,4.9,9.6,Low,6.2,4.6,100.0,No,Average,No,High
STU0446,22,Male,3,7.9,17.6,2.47,6.3,10.4,Moderate,4.0,4.2,84.5,No,Poor,No,Medium
STU0447,22,Male,1,7.3,16.2,2.75,5.8,9.4,Moderate,6.7,7.0,87.8,No,Good,No,Low
STU0448,19,Female,4,7.0,21.1,3.08,4.8,8.3,Moderate,7.3,8.3,86.3,Yes,Poor,No,Low
STU0449,20,Male,1,5.4,11.4,1.5,6.1,9.4,Moderate,7.1,6.8,83.7,Yes,Average,No,High
STU0450,19,Male,2,6.4,15.5,2.54,6.7,10.6,Low,,7.1,87.8,Yes,Poor,No,Medium
STU0451,21,Male,4,7.8,22.5,2.29,4.5,6.5,Low,5.2,6.6,79.0,No,Average,No,Medium
STU0452,23,Female,3,6.8,20.8,2.75,5.2,6.1,High,6.4,8.1,85.7,Yes,Average,No,Low
STU0453,19,Female,2,7.5,18.9,2.63,6.8,9.4,High,3.8,4.5,78.0,Yes,Average,No,Low
STU0454,22,Female,2,8.7,3.2,2.4,10.0,11.5,Moderate,7.4,7.4,83.6,No,Poor,No,Low
STU0455,20,Male,4,7.9,20.8,2.53,6.4,7.6,Moderate,5.2,4.5,82.2,Yes,Poor,Yes,Medium
STU0456,19,Female,2,6.9,16.4,1.91,5.4,7.0,Moderate,7.9,4.1,82.4,Yes,Good,Yes,High
STU0457,21,Female,4,6.2,30.0,2.7,4.6,10.1,Low,6.0,3.3,81.2,No,Poor,Yes,High
STU0458,19,Female,1,,10.7,2.22,7.0,9.7,Moderate,5.4,6.7,81.8,No,Good,No,High
STU0459,20,Female,4,6.6,24.7,3.01,5.2,8.1,Moderate,3.9,7.5,88.1,No,Average,Yes,Medium
STU0460,18,Male,4,6.4,30.0,2.5,5.9,6.9,Moderate,9.2,3.5,85.5,No,Poor,Yes,High
STU0461,25,Female,1,7.2,9.7,2.6,7.2,7.5,Low,8.3,5.8,87.5,No,Poor,Yes,High
STU0462,21,Male,2,6.6,19.6,2.36,6.9,8.4,High,7.8,7.3,82.9,No,Good,No,Low
STU0463,19,Female,1,6.4,11.8,2.41,6.5,10.7,High,8.0,6.3,79.0,No,Average,Yes,High
STU0464,21,Male,3,4.8,19.0,2.25,7.4,10.3,Low,6.4,5.6,84.1,Yes,Poor,No,High
STU0465,21,Male,3,5.8,17.8,2.49,6.1,9.3,Moderate,5.4,2.6,83.7,No,Average,No,High
STU0466,21,Male,3,7.3,18.1,2.82,5.2,8.6,High,6.0,6.3,94.1,No,Good,No,Low
STU0467,22,Female,1,8.7,25.9,2.52,7.6,9.4,Low,5.5,2.7,93.2,Yes,Average,No,Medium
STU0468,23,Male,1,6.7,18.4,2.32,4.3,8.5,Moderate,6.6,5.1,74.3,Yes,Average,Yes,Medium
STU0469,20,Female,1,7.2,19.4,2.64,5.3,7.0,Moderate,4.8,4.5,90.2,Yes,Poor,No,Medium
STU0470,20,Male,2,7.8,20.0,3.37,5.4,9.6,Moderate,7.6,5.1,95.9,No,Poor,No,Medium
STU0471,20,Male,3,5.9,14.6,2.09,9.0,12.0,High,4.8,4.0,73.1,No,Average,Yes,High
STU0472,17,Female,4,7.2,25.6,3.38,7.2,7.6,Moderate,4.5,7.9,,Yes,Good,No,Low
STU0473,18,Male,3,6.0,25.3,3.28,7.0,8.6,Low,5.6,2.4,96.0,No,Average,No,High
STU0474,24,Male,2,7.8,14.6,2.45,6.2,6.6,Low,9.4,6.9,,No,Average,No,Medium
STU0475,25,Female,5,7.0,30.9,2.83,7.3,11.2,Low,4.8,3.7,85.3,No,Average,No,Low
STU0476,20,Male,3,7.1,23.8,2.5,6.0,8.5,Moderate,9.0,9.0,86.3,No,Average,No,Medium
STU0477,22,Male,5,5.9,34.4,2.92,5.5,5.3,Moderate,2.4,3.8,91.5,Yes,Average,No,Low
STU0478,22,Male,3,7.6,19.3,2.19,6.2,9.2,Low,3.2,6.7,76.2,No,Average,No,Medium
STU0479,28,Female,2,9.1,13.6,2.52,6.6,8.5,Moderate,9.1,5.2,93.2,No,Poor,No,Medium
STU0480,23,Female,1,5.7,13.6,2.76,6.4,7.1,Moderate,7.2,7.1,72.4,No,Good,No,High
STU0481,21,Female,4,6.4,29.7,2.66,4.8,9.3,Low,9.1,,95.2,Yes,Poor,No,High
STU0482,19,Female,1,7.1,7.7,2.16,7.8,10.4,Moderate,8.2,6.7,86.8,Yes,Average,No,High
STU0483,17,Male,2,7.7,9.7,1.82,7.4,9.5,Moderate,7.3,3.2,76.6,No,Average,No,Medium
STU0484,21,Male,3,6.2,21.4,2.69,5.8,7.8,Moderate,4.6,9.2,92.2,Yes,Good,Yes,Medium
STU0485,19,Female,3,3.7,19.2,2.41,,8.3,Low,,6.6,77.1,No,Good,Yes,High
STU0486,18,Male,3,8.3,21.0,2.73,2.9,3.8,Moderate,7.3,7.3,87.2,No,Poor,Yes,Low
STU0487,20,Male,1,7.6,18.8,2.53,6.6,10.6,High,4.8,7.2,86.8,Yes,Average,Yes,Low
STU0488,19,Male,2,4.9,15.8,2.23,7.1,9.0,Moderate,4.6,4.9,85.0,No,Poor,Yes,High
STU0489,25,Male,3,6.1,13.5,2.48,7.8,10.3,Moderate,3.0,2.6,79.0,No,Poor,No,Medium
STU0490,23,Non-binary,5,8.5,35.2,3.14,4.4,4.4,Moderate,8.2,7.4,85.4,No,Good,No,Low
STU0491,21,Male,4,8.4,20.0,2.78,6.2,7.1,Low,3.0,7.1,87.6,No,Poor,Yes,Low
STU0492,24,Female,5,7.8,22.8,2.79,6.7,9.9,Moderate,9.0,6.7,81.7,No,Poor,No,Medium
STU0493,21,Male,4,6.6,28.4,3.15,6.7,9.7,Low,7.8,6.1,90.8,No,Poor,No,Medium
STU0494,19,Non-binary,3,6.9,19.5,2.77,5.7,10.3,Low,8.1,6.9,82.3,No,Average,Yes,High
STU0495,24,Male,1,6.7,14.7,2.47,6.8,10.9,Moderate,6.8,9.4,91.8,No,Good,Yes,Medium
STU0496,22,Male,3,8.0,22.9,3.2,7.4,9.6,Low,3.8,5.5,100.0,Yes,Poor,Yes,Medium
STU0497,19,Female,3,5.8,25.3,2.79,3.3,6.4,Moderate,6.2,6.8,84.7,No,Average,No,Low
STU0498,21,Female,3,5.9,19.7,2.9,5.3,7.4,Low,4.0,7.7,93.8,No,Average,No,Low
STU0499,19,Male,2,7.9,24.1,2.96,7.1,12.1,Low,6.1,7.5,86.3,Yes,Average,Yes,Medium
STU0500,18,Male,3,6.8,12.5,1.8,7.8,11.7,High,1.9,3.6,74.2,No,Average,Yes,Medium
STU0501,23,Male,2,8.3,21.0,3.1,6.4,9.1,High,3.5,6.1,85.6,No,Average,No,Low
STU0502,25,Male,3,6.1,17.6,2.5,5.8,8.5,Low,2.9,5.9,85.6,Yes,Average,No,Medium
STU0503,18,Male,1,6.7,20.5,2.57,5.1,9.3,Moderate,7.6,8.1,72.9,No,Good,No,Medium
STU0504,22,Female,4,5.8,24.6,2.73,4.9,8.1,Low,7.6,9.5,90.8,Yes,Poor,No,High
STU0505,20,Male,1,6.8,12.3,2.24,8.3,12.7,Moderate,9.2,5.7,84.0,No,Poor,No,High
STU0506,20,Male,1,5.2,17.7,2.46,5.6,5.5,Moderate,6.5,8.7,91.8,No,Good,No,Medium
STU0507,20,Female,2,6.3,21.6,2.41,5.9,9.0,Low,5.4,6.3,88.7,Yes,Average,No,Medium
STU0508,19,Non-binary,3,5.2,23.6,2.95,4.9,6.8,Moderate,4.4,4.9,88.5,No,Good,No,Medium
STU0509,21,Female,2,7.6,13.9,2.41,7.5,12.1,Low,5.5,9.8,82.0,No,Average,No,Medium
STU0510,19,Male,2,7.6,16.1,2.4,5.9,10.3,Low,5.0,9.9,95.1,No,Average,No,Low
STU0511,22,Male,3,4.9,21.0,2.2,5.8,8.3,Moderate,3.2,3.1,98.4,No,Average,No,High
STU0512,21,Non-binary,2,8.3,17.8,2.7,4.5,8.8,Moderate,7.4,3.8,83.8,No,Poor,Yes,Medium
STU0513,20,Male,5,9.5,30.0,3.12,,8.0,Moderate,5.3,8.0,96.0,Yes,Good,No,Low
STU0514,19,Male,5,6.9,18.9,2.67,6.1,8.7,Moderate,9.1,7.7,81.1,No,Average,No,Low
STU0515,20,Female,3,6.1,22.3,2.29,,9.9,Moderate,8.0,5.5,79.6,No,Good,Yes,High
STU0516,23,Female,2,9.9,16.8,2.22,8.4,10.9,Moderate,3.4,4.5,80.6,Yes,,No,Low
STU0517,22,Female,4,5.3,20.6,2.68,3.9,6.1,Moderate,7.1,6.6,90.9,Yes,Poor,No,High
STU0518,19,Male,1,6.8,12.0,2.78,6.0,9.5,Moderate,7.8,6.7,79.2,No,Average,Yes,High
STU0519,21,Male,2,7.0,17.1,2.2,6.3,8.4,Moderate,8.4,7.0,94.0,No,Poor,No,High
STU0520,23,Non-binary,2,8.3,3.6,2.67,7.3,9.9,Moderate,7.4,5.9,92.6,No,Average,Yes,Medium
STU0521,17,Male,5,7.2,24.2,2.82,4.5,8.7,Moderate,7.6,6.4,91.6,No,Average,No,Low
STU0522,22,Female,1,,11.5,2.28,5.9,8.4,Moderate,5.5,6.5,81.6,No,Average,No,Medium
STU0523,20,Female,3,5.8,23.1,2.48,4.7,5.2,Moderate,4.2,4.3,90.7,Yes,Good,No,Low
STU0524,22,Female,4,6.4,20.8,2.16,5.6,8.5,Moderate,8.4,8.7,62.5,No,Good,Yes,High
STU0525,19,Male,2,5.7,17.1,2.71,8.2,9.9,Moderate,5.8,6.2,89.3,No,Good,No,Low
STU0526,17,Male,1,6.9,21.2,2.39,6.0,9.5,Moderate,9.0,7.7,85.5,Yes,Poor,Yes,High
STU0527,17,Female,5,6.2,31.0,2.63,6.1,9.4,High,9.0,8.6,72.6,No,Average,No,Low
STU0528,21,Female,3,5.2,24.6,2.9,6.0,10.3,Moderate,2.7,2.8,90.2,No,Good,No,Medium
STU0529,22,Female,3,8.2,19.0,,7.2,10.8,High,6.9,5.6,86.6,No,Average,No,Medium
STU0530,19,Male,1,6.3,17.2,2.0,3.5,7.3,Moderate,5.0,6.7,69.0,No,Poor,No,Medium
STU0531,22,Male,2,5.4,17.1,2.39,6.0,7.7,High,3.5,7.6,76.0,No,Good,No,Low
STU0532,17,Female,2,6.6,17.2,2.57,7.6,11.1,Moderate,5.3,9.0,99.9,No,Good,Yes,Medium
STU0533,21,Female,1,6.9,16.6,2.63,5.8,10.7,High,4.4,7.9,84.5,No,Average,No,Low
STU0534,18,Female,1,4.9,12.6,2.13,8.5,10.2,Low,4.4,9.3,89.6,No,Poor,Yes,High
STU0535,20,Male,4,7.2,30.0,3.66,6.5,11.2,Low,4.4,7.9,99.8,Yes,Poor,Yes,Medium
STU0536,21,Female,1,5.6,14.4,2.26,,7.9,Moderate,9.8,3.5,86.3,No,Average,No,High
STU0537,19,Female,1,8.7,17.5,2.56,,7.2,High,9.1,5.6,92.5,No,Average,No,Low
STU0538,20,Female,3,7.4,26.8,2.58,4.3,7.2,Moderate,7.4,8.2,70.7,No,Average,Yes,Low
STU0539,23,Male,4,6.4,28.1,2.83,4.6,8.0,Low,7.4,4.9,85.4,No,Poor,No,High
STU0540,20,Male,1,6.0,9.4,2.39,5.8,9.4,Moderate,5.4,6.6,62.8,No,,No,Medium
STU0541,23,Female,3,6.7,22.8,3.01,6.1,7.4,Moderate,8.3,5.3,75.8,Yes,Average,No,Medium
STU0542,19,Male,1,7.5,18.4,2.13,4.7,7.7,Low,6.6,3.6,79.0,No,Poor,No,Medium
STU0543,22,Female,1,6.8,18.6,2.46,6.7,8.4,Moderate,6.1,7.8,80.1,No,Average,No,Low
STU0544,24,Non-binary,1,6.6,10.5,2.41,7.6,8.3,High,7.3,7.7,84.7,No,Average,No,Low
STU0545,17,Male,4,,21.4,2.8,4.2,5.6,High,8.6,8.6,86.7,No,Average,No,Medium
STU0546,19,Female,1,6.1,19.0,2.5,7.6,9.2,Low,5.7,9.0,85.9,No,Good,Yes,High
STU0547,22,Male,1,6.4,12.0,2.47,7.3,10.4,Low,4.8,5.0,86.0,Yes,Poor,No,Medium
STU0548,21,Female,2,4.5,16.8,2.08,7.1,11.0,Moderate,2.0,3.2,84.8,Yes,Good,No,High
STU0549,22,Non-binary,4,7.9,30.3,3.43,4.2,4.9,Moderate,,6.5,83.9,No,Good,No,Low
STU0550,20,Male,2,7.1,17.8,2.83,6.8,9.7,Low,7.4,6.5,81.9,Yes,Average,No,High
STU0551,21,Male,2,5.9,15.1,1.96,7.6,8.7,Moderate,4.7,9.1,81.5,No,Good,Yes,Medium
STU0552,21,Male,1,,11.5,2.15,6.8,10.1,Moderate,7.0,6.2,82.8,No,Poor,No,Low
STU0553,24,Male,2,,19.3,2.25,8.1,9.9,High,7.6,5.3,75.9,No,Average,Yes,High
STU0554,22,Female,3,5.7,15.7,2.57,6.5,7.7,High,7.4,7.9,93.0,No,Poor,No,High
STU0555,22,Female,3,7.7,20.0,2.25,7.1,10.6,Low,3.5,3.9,88.6,No,Average,No,Medium
STU0556,20,Male,2,7.2,19.3,2.48,6.4,8.2,High,4.8,5.4,78.9,Yes,Average,No,Low
STU0557,20,Male,2,7.2,23.2,2.84,6.3,8.4,Moderate,9.2,5.4,85.6,No,Average,No,Medium
STU0558,20,Male,1,6.3,17.7,2.45,4.6,4.4,Moderate,8.9,4.3,98.8,No,Poor,No,High
STU0559,22,Female,2,7.3,15.1,2.54,6.9,10.5,Moderate,9.0,7.3,86.4,No,Poor,Yes,High
STU0560,20,Male,1,6.5,19.7,,5.3,8.8,Moderate,8.0,5.9,86.1,Yes,Average,No,High
STU0561,22,Female,4,7.4,22.8,2.88,4.9,7.4,Low,,4.3,83.0,No,Poor,No,Medium
STU0562,26,Female,5,4.7,22.1,2.31,7.5,8.2,Moderate,3.3,5.9,81.7,No,Good,No,Medium
STU0563,23,Female,5,6.3,26.3,2.63,5.2,9.2,Low,4.4,6.7,96.4,Yes,Average,No,Medium
STU0564,20,Male,4,8.7,29.8,3.07,4.0,5.7,Moderate,6.5,,89.2,No,Average,Yes,Low
STU0565,24,Female,3,6.0,21.7,2.6,5.5,7.5,Low,5.2,5.9,85.1,No,Poor,No,Medium
STU0566,20,Male,3,6.1,21.1,2.57,4.6,9.9,Low,5.9,5.3,85.5,No,Poor,No,Medium
STU0567,17,Male,2,6.3,24.5,2.45,7.0,8.7,Moderate,3.6,9.1,100.0,No,Average,Yes,Medium
STU0568,19,Female,3,5.5,15.3,2.25,5.8,9.2,Moderate,2.7,6.3,83.8,No,Good,No,Medium
STU0569,17,Female,2,4.4,12.9,2.2,7.2,10.4,Moderate,3.9,7.2,77.4,No,Average,No,High
STU0570,20,Male,2,6.5,11.5,1.89,8.2,11.2,Low,8.4,6.4,76.8,No,Good,No,High
STU0571,21,Male,4,6.9,25.5,2.61,4.9,7.7,High,4.8,7.8,91.1,No,Good,No,Low
STU0572,25,Male,2,,18.7,2.65,6.7,9.7,Moderate,3.6,6.6,75.9,Yes,Poor,No,Medium
STU0573,22,Male,2,6.6,24.2,2.3,4.5,7.3,Low,7.1,7.8,87.0,Yes,Good,No,Medium
STU0574,21,Male,5,6.8,28.0,3.16,7.6,10.0,Moderate,5.1,3.3,83.9,Yes,Average,Yes,High
STU0575,23,Male,1,7.9,13.4,2.84,7.6,11.9,Moderate,7.2,8.3,74.0,Yes,Good,No,Medium
STU0576,17,Female,2,6.6,18.0,2.13,6.0,6.9,Low,7.3,8.0,75.9,No,Average,No,High
STU0577,22,Female,5,6.2,27.5,3.17,4.5,8.2,Moderate,7.2,6.5,89.2,Yes,Poor,No,Medium
STU0578,23,Female,3,6.5,14.3,2.34,6.5,10.0,High,7.1,3.6,93.8,No,Good,Yes,High
STU0579,18,Female,3,7.4,31.8,3.1,4.5,7.8,Moderate,3.0,4.5,95.0,No,Poor,No,Low
STU0580,24,Male,1,8.4,17.1,2.45,8.2,12.0,Low,4.7,9.0,82.6,No,,Yes,Low
STU0581,22,Non-binary,2,6.1,18.8,2.77,4.9,7.3,High,6.7,3.0,93.4,Yes,Poor,No,High
STU0582,20,Female,4,6.9,26.5,2.9,5.5,5.8,Low,6.6,8.9,84.9,No,Average,No,Low
STU0583,22,Female,3,7.2,23.8,2.47,5.6,8.0,High,7.2,7.8,74.6,Yes,Average,Yes,Medium
STU0584,26,Female,3,5.7,20.4,2.16,5.8,7.1,Low,6.0,3.9,83.1,No,Good,Yes,High
STU0585,21,Female,1,6.8,12.5,1.91,,8.2,Moderate,8.3,4.1,70.9,No,Poor,No,High
STU0586,22,Female,1,5.2,17.4,2.44,6.1,7.1,Moderate,3.5,6.0,90.2,No,Average,No,Medium
STU0587,20,Male,5,4.9,28.5,2.87,6.0,7.9,Low,7.5,5.8,92.9,No,Average,No,High
STU0588,19,Female,2,7.2,14.8,2.64,7.1,8.9,Moderate,,8.6,79.7,No,Good,Yes,Medium
STU0589,23,Female,3,6.4,26.7,,5.7,5.3,Moderate,7.3,8.5,87.3,No,Average,No,Low
STU0590,19,Female,1,7.0,16.2,2.13,3.3,6.6,Low,2.4,7.8,83.7,Yes,Average,No,Low
STU0591,21,Female,3,6.8,23.9,2.49,5.9,11.1,Moderate,7.0,5.9,91.0,No,Average,Yes,High
STU0592,20,Male,5,5.7,32.6,3.22,3.1,6.3,Moderate,7.3,6.8,80.6,No,Poor,Yes,Medium
STU0593,22,Male,3,6.8,21.1,2.46,6.5,8.8,Low,5.2,9.5,89.0,No,Good,No,Low
STU0594,22,Female,1,5.4,16.3,2.41,,10.2,High,5.3,7.7,75.2,No,Poor,Yes,High
STU0595,23,Female,3,8.3,24.2,2.48,4.7,6.7,High,7.7,4.9,90.3,No,Average,No,Low
STU0596,20,Female,4,5.3,21.1,2.6,5.6,8.2,Low,5.1,4.3,93.0,No,Average,No,High
STU0597,20,Male,2,6.6,18.2,2.37,,8.1,Moderate,3.8,6.8,79.5,Yes,Poor,No,Medium
STU0598,19,Male,4,5.7,24.5,2.95,6.8,8.3,Low,6.1,7.3,96.2,No,Average,No,High
STU0599,20,Female,3,7.4,17.2,2.77,6.4,10.9,Moderate,4.8,8.4,75.6,Yes,Good,No,Low
STU0600,22,Female,4,6.4,33.3,2.8,6.4,7.1,High,9.4,4.8,94.5,Yes,Average,No,High
STU0601,23,Female,3,6.2,15.4,2.36,6.9,10.3,Moderate,9.5,9.3,94.2,No,Poor,Yes,High
STU0602,19,Female,1,7.7,9.8,2.17,7.3,9.7,High,7.6,9.3,85.4,Yes,Poor,No,Low
STU0603,23,Female,2,6.8,23.3,2.25,5.7,10.5,Moderate,5.5,3.7,82.1,No,Good,No,Medium
STU0604,24,Male,1,7.4,17.9,2.3,7.0,9.9,Moderate,2.6,7.1,86.0,No,Average,Yes,Medium
STU0605,22,Female,5,5.7,22.9,2.65,4.0,6.1,High,5.3,6.7,81.7,No,Good,No,Low
STU0606,25,Male,4,5.3,26.4,2.76,5.4,7.6,Moderate,6.6,5.3,100.0,Yes,Average,No,High
STU0607,19,Male,3,6.9,26.9,2.83,5.2,7.7,Moderate,,7.8,82.9,Yes,Average,No,Low
STU0608,18,Female,2,6.4,17.9,2.39,6.9,8.0,Moderate,,7.9,93.6,No,Average,No,Medium
STU0609,17,Female,1,7.5,25.4,3.07,5.3,6.9,Low,4.7,5.2,83.2,No,Average,No,Low
STU0610,24,Male,4,6.7,17.1,2.5,5.3,5.7,Low,8.2,4.7,96.2,Yes,Good,Yes,High
STU0611,22,Female,2,7.0,20.8,2.82,5.9,7.3,High,,7.2,100.0,Yes,Average,No,Low
STU0612,21,Male,1,5.0,19.7,1.91,4.9,7.5,Moderate,5.6,5.8,84.2,Yes,Poor,No,High
STU0613,22,Male,3,8.9,24.6,1.68,3.6,6.5,High,4.8,7.8,82.1,Yes,Average,Yes,Low
STU0614,19,Male,1,6.6,14.2,2.47,7.3,7.4,Low,7.8,7.1,78.1,No,Average,No,High
STU0615,26,Male,2,7.6,16.8,2.11,6.9,9.2,Moderate,2.4,7.5,75.1,No,Good,No,Low
STU0616,21,Female,2,5.9,19.8,2.44,6.5,9.7,High,2.2,8.2,86.7,No,Good,Yes,Low
STU0617,21,Male,1,7.1,18.3,2.46,7.5,9.8,Low,3.4,6.3,95.0,No,Average,No,Medium
STU0618,23,Female,5,5.4,29.4,3.24,4.4,6.1,Low,,8.2,85.6,Yes,Average,No,Medium
STU0619,22,Female,1,7.3,19.2,2.71,4.6,6.6,Moderate,6.1,8.3,100.0,No,Average,No,Medium
STU0620,21,Male,1,6.4,10.9,2.32,6.8,8.7,Moderate,4.4,5.0,79.6,No,Good,No,Medium
STU0621,19,Female,1,6.8,14.1,2.65,6.2,7.9,Low,6.0,7.8,87.5,Yes,Good,No,Medium
STU0622,22,Male,4,7.6,20.2,2.75,5.1,7.8,High,4.8,6.0,88.1,No,Good,Yes,Low
STU0623,25,Female,2,5.4,16.5,2.24,6.3,11.6,High,6.8,4.8,82.7,No,Poor,Yes,High
STU0624,24,Male,3,6.0,25.1,2.99,4.9,6.5,Moderate,5.4,9.0,73.6,No,Average,No,Low
STU0625,25,Male,1,7.3,15.4,2.14,4.6,6.7,Moderate,8.1,3.9,78.5,No,Poor,No,High
STU0626,20,Male,1,9.1,25.4,3.0,5.0,7.4,High,7.0,9.3,89.4,No,Average,Yes,Low
STU0627,19,Male,2,6.6,18.8,2.06,5.0,6.7,Moderate,5.0,5.9,81.7,No,Poor,No,Low
STU0628,21,Male,4,7.5,24.2,2.81,5.8,9.6,Low,5.0,8.6,91.3,Yes,Poor,No,Low
STU0629,21,Female,4,6.7,24.4,2.76,4.9,4.6,Low,5.8,8.0,91.9,Yes,Average,No,Medium
STU0630,23,Female,1,8.9,12.4,3.0,7.9,9.8,Low,2.8,6.0,86.3,No,Average,No,Low
STU0631,17,Female,3,4.9,20.8,2.0,7.5,11.0,Low,8.4,6.2,75.3,Yes,Poor,No,High
STU0632,24,Female,5,6.9,31.5,2.75,5.5,7.6,Low,4.5,6.9,97.3,No,Poor,Yes,High
STU0633,21,Male,2,5.0,18.5,2.65,4.6,6.1,Moderate,4.9,,76.4,No,Average,No,Medium
STU0634,20,Male,4,4.0,20.8,2.5,7.4,10.4,Low,8.7,6.0,80.8,Yes,Poor,No,High
STU0635,19,Male,1,7.1,11.3,2.39,8.4,12.0,Low,8.6,5.4,78.4,No,Average,No,High
STU0636,17,Male,5,7.0,25.2,2.46,5.5,8.3,Moderate,4.7,7.9,90.0,No,Average,No,Low
STU0637,23,Female,4,6.5,24.3,2.51,6.9,8.4,Low,4.9,5.3,94.3,Yes,Good,No,Medium
STU0638,21,Female,5,6.7,31.8,3.3,,7.3,Moderate,8.4,5.8,88.6,No,Poor,No,Medium
STU0639,18,Male,3,10.0,15.6,2.65,4.6,6.6,Low,5.5,6.3,87.5,No,Poor,Yes,Low
STU0640,18,Male,2,6.5,16.7,2.57,5.6,9.0,High,6.5,5.5,88.4,Yes,Average,No,Low
STU0641,20,Female,5,7.4,27.6,2.81,7.0,11.3,High,4.3,7.1,99.5,Yes,Good,No,Low
STU0642,25,Female,2,6.1,10.7,1.89,5.4,4.8,Moderate,9.3,6.5,68.9,Yes,Poor,Yes,High
STU0643,20,Male,2,7.1,14.7,2.72,6.5,9.1,Moderate,8.4,7.7,91.5,Yes,Poor,No,Medium
STU0644,18,Female,3,6.5,18.3,2.65,6.2,6.6,High,8.0,9.2,88.5,Yes,Good,No,Low
STU0645,20,Non-binary,4,6.3,20.8,3.26,5.4,10.8,Low,7.8,8.5,87.0,No,Poor,No,Medium
STU0646,20,Male,5,8.8,27.8,2.65,4.8,6.7,High,8.1,9.7,88.2,Yes,Poor,No,Low
STU0647,17,Male,1,8.1,14.4,2.75,6.6,10.0,Moderate,6.1,5.5,91.7,Yes,Good,No,Low
STU0648,21,Female,4,7.0,21.8,2.25,5.3,7.8,Moderate,7.6,7.9,87.6,Yes,Good,No,Medium
STU0649,20,Female,4,4.3,25.7,2.62,4.0,5.5,Moderate,7.0,7.0,100.0,No,Average,No,Medium
STU0650,23,Female,1,6.4,21.9,2.9,6.0,7.4,Moderate,9.2,7.5,88.3,No,Good,No,Low
STU0651,25,Male,2,9.8,24.6,2.3,6.6,11.0,Moderate,,7.3,84.0,No,Average,Yes,Low
STU0652,23,Male,2,6.5,10.3,2.2,7.8,11.4,Moderate,7.3,5.0,81.9,No,Poor,Yes,High
STU0653,20,Female,2,8.0,20.3,2.5,5.2,10.0,Moderate,5.1,6.8,88.9,No,Average,No,Low
STU0654,19,Female,5,8.4,26.3,2.67,4.1,6.7,Low,4.7,3.3,85.8,No,Average,No,Low
STU0655,27,Male,3,7.0,21.6,2.75,,8.4,Moderate,9.0,8.2,86.6,Yes,Average,No,Medium
STU0656,21,Female,3,5.9,19.4,2.83,7.6,9.8,Moderate,7.6,4.5,87.1,Yes,Good,Yes,High
STU0657,21,Female,5,4.1,27.5,2.57,5.9,8.1,Low,3.3,5.3,84.5,Yes,Poor,No,High
STU0658,21,Female,2,7.6,18.6,2.65,6.8,8.0,Low,3.6,6.5,81.6,No,Average,No,Low
STU0659,21,Female,4,5.9,21.7,2.6,6.7,9.3,Low,7.7,7.3,88.5,Yes,Average,No,High
STU0660,21,Female,2,7.0,14.4,2.42,7.0,8.6,Moderate,6.0,8.0,82.5,Yes,Poor,No,Medium
STU0661,20,Male,4,5.4,22.2,2.22,5.9,8.9,Moderate,7.9,4.0,87.6,No,Average,Yes,High
STU0662,20,Female,1,6.5,15.9,2.76,7.1,9.8,Low,6.9,2.1,87.3,No,Average,Yes,High
STU0663,21,Male,5,6.8,29.4,2.95,4.5,7.3,High,,8.0,85.0,No,Good,No,Low
STU0664,20,Female,1,7.1,18.4,2.67,4.7,9.2,Moderate,4.4,8.6,97.0,No,Good,No,Low
STU0665,19,Male,2,5.6,16.0,2.13,7.1,9.6,Moderate,7.7,8.4,82.1,No,,No,High
STU0666,21,Female,4,8.1,25.1,2.68,6.7,10.1,Low,6.6,8.1,90.4,No,Average,No,Medium
STU0667,20,Male,2,6.1,21.9,2.53,4.7,9.7,Moderate,5.1,6.1,80.3,No,Average,Yes,High
STU0668,24,Male,3,,25.7,2.16,6.3,10.4,Moderate,2.2,3.7,68.8,No,Average,No,Medium
STU0669,17,Male,2,6.7,17.8,2.0,7.9,11.8,High,4.6,5.2,78.0,Yes,Poor,No,High
STU0670,23,Male,4,,23.1,2.49,5.7,7.8,Moderate,6.2,6.8,70.0,No,Average,No,Low
STU0671,24,Female,1,,15.8,2.62,5.6,8.4,Moderate,4.1,4.4,84.1,Yes,Average,No,Low
STU0672,17,Female,1,8.3,10.4,2.2,7.1,8.0,High,4.2,4.8,93.5,No,Average,Yes,Medium
STU0673,20,Female,2,6.5,17.2,2.17,5.7,8.8,Low,7.5,5.5,76.7,No,Good,Yes,High
STU0674,20,Male,2,6.7,21.0,2.35,5.3,8.1,Low,7.2,7.1,69.4,Yes,Poor,No,High
STU0675,18,Male,1,5.6,17.6,2.28,6.7,9.2,Moderate,8.2,6.5,94.2,No,,No,High
STU0676,19,Male,2,7.7,16.9,2.44,4.7,8.4,Low,3.2,5.7,81.3,Yes,Average,No,Medium
STU0677,19,Male,2,7.0,18.9,3.21,4.7,5.8,Low,1.8,6.3,89.1,No,Average,No,Low
STU0678,25,Female,1,6.3,11.7,2.61,6.8,11.3,Moderate,5.7,7.0,91.2,No,Poor,Yes,High
STU0679,23,Male,3,4.7,23.8,2.85,5.6,9.2,Low,3.3,6.1,90.8,Yes,Average,No,High
STU0680,24,Male,4,8.4,23.7,3.15,6.0,8.4,Moderate,3.2,7.9,94.2,No,Poor,No,Low
STU0681,23,Male,1,5.4,13.9,2.0,8.5,10.8,High,3.8,5.7,88.3,Yes,Good,No,High
STU0682,19,Male,3,6.1,19.6,2.15,6.1,9.2,Low,,4.7,70.7,No,Good,No,Medium
STU0683,20,Female,3,7.2,20.7,2.29,6.5,10.8,Low,1.5,3.8,73.8,No,Poor,Yes,High
STU0684,22,Female,2,5.5,16.2,2.77,5.4,8.0,Low,6.1,3.3,94.8,No,Poor,No,High
STU0685,18,Male,3,5.2,23.6,2.41,6.4,9.1,Low,3.1,8.1,79.0,No,Poor,No,High
STU0686,23,Male,2,4.5,16.4,1.93,5.8,8.3,Low,5.2,8.2,76.9,Yes,Poor,No,High
STU0687,20,Male,3,7.6,27.4,2.72,5.3,9.9,Low,8.4,7.5,77.5,No,Poor,No,Medium
STU0688,20,Male,1,6.2,20.9,2.49,5.8,7.9,Moderate,3.7,4.8,82.1,Yes,Poor,No,Medium
STU0689,23,Male,3,10.0,17.4,2.8,7.3,9.8,Low,2.9,3.8,84.4,No,,Yes,Low
STU0690,22,Non-binary,3,5.7,21.3,2.61,,8.9,Moderate,4.6,5.4,79.1,Yes,Average,No,Medium
STU0691,20,Female,1,5.8,12.4,2.03,4.5,7.2,High,4.7,7.2,74.8,No,Average,No,Low
STU0692,24,Female,2,6.2,16.7,2.64,6.1,10.0,Moderate,3.3,8.7,88.1,No,Average,No,Low
STU0693,19,Male,5,7.1,35.0,2.86,5.0,6.4,Moderate,5.6,8.5,81.5,Yes,Good,No,Low
STU0694,22,Male,2,6.3,16.8,2.4,6.5,8.8,Low,5.3,8.2,,Yes,Good,No,Medium
STU0695,22,Female,3,7.5,22.4,2.9,7.0,11.3,Moderate,6.8,5.2,72.1,Yes,Average,Yes,High
STU0696,20,Female,5,5.7,29.2,,5.5,7.2,Moderate,5.8,6.7,99.0,No,Poor,No,High
STU0697,22,Female,3,5.3,17.0,2.21,5.7,8.0,Low,7.5,6.4,89.9,Yes,,Yes,High
STU0698,18,Male,3,4.8,17.6,2.54,3.9,6.7,High,6.1,5.0,81.8,Yes,Poor,No,High
STU0699,23,Female,4,4.4,19.2,2.13,5.8,7.1,Low,5.5,5.0,76.5,No,Average,No,High
STU0700,21,Male,4,6.2,20.5,2.43,7.0,9.0,Low,7.8,7.8,84.7,Yes,Average,No,High
STU0701,20,Female,2,6.5,6.6,2.32,6.9,9.5,High,7.9,5.8,83.8,No,Average,No,Medium
STU0702,23,Female,2,6.1,20.2,3.15,6.0,8.6,High,4.3,8.3,80.0,No,Poor,Yes,Medium
STU0703,19,Female,2,,26.2,3.04,5.8,9.8,Low,4.3,8.5,70.4,No,Good,No,Low
STU0704,18,Male,5,8.2,27.6,3.04,4.2,8.5,Moderate,5.3,9.4,84.6,No,Poor,No,Low
STU0705,18,Female,3,6.4,15.3,2.57,7.1,8.6,Moderate,6.5,5.4,74.5,Yes,Poor,No,High
STU0706,22,Male,1,4.8,12.4,1.89,8.4,11.0,Moderate,7.5,5.5,82.5,Yes,Average,No,High
STU0707,18,Male,4,,22.2,2.63,5.6,8.9,Low,8.8,5.8,87.0,No,Poor,No,High
STU0708,25,Male,2,6.1,13.9,2.34,5.5,9.8,Moderate,5.9,7.3,77.2,Yes,Average,Yes,High
STU0709,17,Female,1,6.1,18.4,2.58,6.1,9.5,High,4.4,3.9,81.7,No,Good,No,Low
STU0710,25,Male,3,6.0,24.2,2.68,3.4,6.2,Low,5.8,9.1,,No,Good,No,Medium
STU0711,21,Male,2,6.1,13.4,2.44,7.0,10.3,High,5.7,5.0,90.1,No,Poor,Yes,High
STU0712,21,Female,4,6.4,26.9,2.66,5.8,9.1,High,6.9,4.0,82.8,Yes,Average,Yes,High
STU0713,20,Male,1,6.1,21.1,2.58,7.6,9.0,Low,6.8,3.1,100.0,No,Average,No,High
STU0714,22,Female,4,7.0,31.6,2.57,4.6,7.3,Moderate,5.7,8.5,77.0,No,Good,No,Low
STU0715,21,Male,3,7.2,32.5,2.88,5.2,9.5,Low,2.9,4.3,81.6,No,Good,No,Low
STU0716,23,Male,1,5.8,11.4,2.67,6.0,8.3,Moderate,7.9,5.1,85.2,No,Poor,Yes,High
STU0717,21,Female,5,8.2,38.3,3.32,3.8,6.5,Moderate,5.3,8.3,79.2,No,Good,No,Low
STU0718,21,Male,3,5.7,19.6,2.48,4.5,6.7,Low,7.1,5.9,97.4,No,Poor,No,High
STU0719,20,Female,2,5.0,15.6,2.89,6.2,5.9,Moderate,5.6,6.4,88.6,No,Average,No,Medium
STU0720,21,Female,2,7.2,19.3,2.17,5.8,8.3,High,4.6,7.5,77.5,No,Average,Yes,Medium
STU0721,22,Female,4,5.9,21.7,2.23,6.1,9.0,Moderate,3.1,9.4,86.5,Yes,Poor,No,Low
STU0722,17,Female,2,7.2,19.6,3.11,5.4,7.3,Low,6.1,6.3,89.7,Yes,Good,No,Low
STU0723,18,Male,1,4.2,9.7,2.1,7.1,8.2,Low,6.3,6.0,80.5,Yes,Average,No,High
STU0724,23,Male,1,8.3,14.0,2.43,6.3,7.7,Moderate,8.8,3.9,76.1,Yes,Good,No,Low
STU0725,21,Female,2,7.5,23.1,2.36,5.4,8.8,High,3.9,6.6,74.1,Yes,Good,No,Low
STU0726,21,Female,4,5.1,23.8,2.71,5.7,10.6,High,7.0,2.9,100.0,No,Good,Yes,High
STU0727,21,Female,2,5.2,18.6,2.59,6.2,10.4,Moderate,7.3,7.7,76.1,No,Average,No,Medium
STU0728,22,Female,1,8.6,16.9,2.28,7.1,8.0,Moderate,4.8,,95.6,No,Average,No,Low
STU0729,20,Female,1,6.0,19.7,2.47,5.9,9.4,Low,3.3,6.1,78.9,Yes,Average,No,Medium
STU0730,19,Female,2,5.9,11.4,2.15,6.5,8.2,Low,3.0,6.9,88.4,No,Good,Yes,Medium
STU0731,21,Male,5,4.3,29.3,2.76,4.9,6.7,Moderate,3.9,8.7,89.8,No,Poor,No,Medium
STU0732,19,Female,2,6.4,16.9,2.12,5.6,7.5,Moderate,7.7,8.6,87.4,No,Average,No,Medium
STU0733,22,Female,5,6.5,27.7,3.16,4.9,8.2,Moderate,7.8,2.4,94.1,No,Good,No,Medium
STU0734,17,Male,2,7.6,22.2,2.97,7.8,11.5,High,2.7,3.5,76.5,No,Good,Yes,Low
STU0735,23,Female,1,5.3,10.2,2.07,6.1,8.5,Moderate,7.0,8.1,77.7,No,Good,Yes,High
STU0736,22,Female,4,5.1,19.9,2.39,5.7,8.1,Moderate,6.9,5.3,74.8,No,Poor,No,High
STU0737,22,Female,2,7.3,10.3,2.28,6.6,9.7,Low,4.4,7.1,85.0,No,Average,Yes,Medium
STU0738,23,Male,3,7.9,18.8,2.38,5.9,9.1,High,7.6,5.4,75.0,No,Average,No,Low
STU0739,25,Male,5,5.1,32.3,2.69,4.4,8.3,Moderate,4.8,7.3,72.3,No,Average,No,Medium
STU0740,23,Female,1,8.0,14.5,2.41,6.8,7.8,High,2.9,7.8,82.8,No,Average,No,Low
STU0741,17,Female,1,6.8,9.6,2.75,5.3,7.8,Moderate,6.2,7.2,71.0,Yes,Poor,Yes,Medium
STU0742,18,Male,4,8.0,22.1,3.01,6.8,8.0,Moderate,4.0,8.5,89.9,Yes,Good,No,Low
STU0743,20,Male,2,6.7,12.0,2.61,7.4,9.8,Moderate,6.7,9.2,76.9,Yes,Good,Yes,High
STU0744,21,Female,1,4.0,10.5,2.21,5.7,7.9,Low,4.5,3.0,77.4,Yes,Poor,Yes,High
STU0745,22,Male,1,6.6,16.6,2.12,4.1,6.5,Moderate,6.9,7.6,,No,Poor,Yes,High
STU0746,19,Female,1,8.0,10.3,2.36,6.0,7.5,High,7.7,8.0,95.7,Yes,,Yes,Medium
STU0747,21,Non-binary,4,5.8,28.5,3.05,4.9,5.6,Low,8.5,6.2,78.1,No,Average,No,High
STU0748,19,Male,1,6.4,14.7,2.01,9.1,9.1,Low,7.4,,79.5,Yes,Good,No,High
STU0749,20,Female,2,6.6,18.3,2.7,6.7,9.0,Moderate,,5.3,73.7,No,Poor,No,Medium
STU0750,18,Male,3,3.6,19.9,3.05,4.2,6.2,Low,,3.7,82.5,Yes,Average,No,High
STU0751,19,Male,2,8.6,21.1,,5.2,6.9,Moderate,9.2,7.5,100.0,No,Poor,No,Low
STU0752,18,Female,1,5.8,18.1,2.87,6.1,10.2,Moderate,,6.9,89.3,No,Good,No,High
STU0753,19,Male,4,7.4,25.3,2.84,5.7,7.2,Low,4.7,6.8,82.0,No,Good,Yes,Medium
STU0754,23,Non-binary,1,6.7,17.3,2.78,5.0,9.2,High,5.9,7.9,86.4,No,Good,Yes,Low
STU0755,19,Female,4,8.2,23.2,2.55,5.5,9.9,Moderate,5.9,3.2,81.4,Yes,Poor,Yes,Medium
STU0756,27,Male,4,7.2,26.2,3.03,,4.9,High,9.3,9.6,87.5,No,Average,No,Medium
STU0757,22,Male,2,6.5,16.6,2.65,5.2,7.8,Moderate,2.2,9.6,,No,Poor,No,Low
STU0758,21,Male,3,5.8,21.0,2.62,6.2,8.2,High,2.7,3.9,83.4,Yes,Average,No,Medium
STU0759,19,Male,2,,16.9,2.94,7.1,6.1,Low,3.8,5.2,89.2,Yes,Poor,Yes,Medium
STU0760,23,Male,2,4.7,16.2,2.15,7.2,8.0,Low,6.7,9.6,84.6,Yes,,No,High
STU0761,20,Male,4,7.5,21.2,2.6,6.5,9.9,Low,5.3,7.4,83.3,No,Average,No,Medium
STU0762,21,Female,4,5.6,25.9,2.7,4.9,9.8,Moderate,4.8,8.5,81.0,No,,No,Medium
STU0763,27,Female,2,8.2,23.2,2.46,6.4,10.0,High,4.8,6.6,81.1,Yes,Good,Yes,Low
STU0764,21,Female,3,7.0,25.7,2.83,5.7,8.6,Moderate,7.2,6.2,91.9,No,Average,No,Medium
STU0765,24,Female,5,7.5,22.0,2.17,5.9,8.4,High,5.8,7.0,88.5,Yes,Poor,No,Low
STU0766,19,Male,5,6.9,32.2,3.26,4.2,8.7,Low,5.5,4.9,81.6,Yes,Average,No,Medium
STU0767,21,Male,3,,19.7,2.45,5.5,10.6,Low,8.7,6.0,82.9,No,Good,No,High
STU0768,25,Female,2,5.9,20.4,2.37,6.0,7.8,High,6.2,8.5,78.9,No,Average,No,Medium
STU0769,20,Female,2,7.5,14.4,2.21,9.0,9.1,Moderate,6.5,,88.9,No,Average,Yes,High
STU0770,25,Male,5,7.0,27.6,2.75,5.5,5.5,Moderate,7.1,6.5,83.2,No,Good,Yes,Medium
STU0771,23,Female,1,8.1,16.3,2.76,5.8,9.9,Low,6.5,6.3,100.0,No,Average,No,Low
STU0772,20,Female,3,7.2,15.1,2.62,5.7,8.1,High,5.0,9.0,87.2,Yes,Good,No,Low
STU0773,22,Female,2,,20.4,2.3,5.5,8.2,Moderate,9.1,4.0,92.1,Yes,Poor,No,High
STU0774,23,Male,2,5.9,23.4,2.36,7.8,8.2,Moderate,3.5,9.4,77.1,No,Average,No,Low
STU0775,22,Female,2,6.9,17.3,2.7,5.9,7.5,Low,7.4,8.4,86.3,No,Poor,Yes,Medium
STU0776,18,Female,5,4.3,32.4,2.56,5.7,7.8,Moderate,8.2,8.0,89.7,Yes,Average,No,High
STU0777,19,Female,1,8.6,14.2,2.55,6.2,8.9,High,6.3,9.5,78.1,No,Poor,Yes,Low
STU0778,20,Female,3,7.3,24.4,2.78,5.8,7.8,High,6.7,4.1,86.8,No,Poor,No,Medium
STU0779,21,Female,1,8.1,6.1,2.34,8.2,9.5,Low,3.1,5.4,91.4,No,Poor,No,Medium
STU0780,22,Female,1,5.1,24.7,2.86,5.0,6.6,Low,8.5,9.9,84.9,No,Average,No,High
STU0781,21,Male,2,8.2,24.0,2.42,5.0,8.9,Moderate,,6.9,78.6,Yes,Poor,No,Medium
STU0782,18,Female,3,9.3,19.9,2.17,7.7,10.5,Low,6.4,8.1,95.6,Yes,,No,Low
STU0783,22,Female,2,5.3,10.1,2.0,8.0,11.2,Moderate,8.5,7.4,73.8,No,Poor,No,High
STU0784,22,Female,2,7.6,19.2,3.15,6.9,8.3,Low,5.0,8.1,90.0,Yes,Average,No,Low
STU0785,22,Male,1,,9.2,2.86,7.9,6.9,Low,5.8,6.6,82.2,Yes,Poor,Yes,High
STU0786,23,Male,2,5.1,19.8,3.0,6.5,8.4,Moderate,6.9,6.5,81.4,Yes,Poor,No,Medium
STU0787,23,Female,5,7.3,28.6,2.81,7.2,8.7,Moderate,4.7,6.6,92.1,No,Good,No,Low
STU0788,22,Female,5,7.7,23.2,2.2,5.7,8.6,Moderate,5.7,4.7,81.8,Yes,Good,No,Low
STU0789,21,Female,2,6.1,22.5,1.9,6.3,12.7,High,8.2,8.3,84.2,Yes,Good,No,High
STU0790,17,Female,3,8.1,24.2,2.61,,7.4,Low,6.6,4.6,69.9,Yes,Average,No,Medium
STU0791,22,Female,5,5.0,30.9,2.72,4.1,9.9,Moderate,8.1,6.3,89.8,No,Poor,Yes,High
STU0792,21,Female,1,5.2,15.0,2.7,5.3,8.5,Low,8.0,6.6,81.2,No,Poor,No,High
STU0793,22,Female,4,7.0,18.3,2.8,7.4,9.1,Moderate,7.5,7.1,73.6,Yes,Average,Yes,High
STU0794,18,Female,5,6.8,30.9,2.97,2.4,5.3,Low,5.9,8.1,100.0,No,Good,No,Low
STU0795,19,Female,1,6.0,13.9,2.07,6.2,10.8,Low,5.0,8.4,86.6,No,Good,No,High
STU0796,23,Male,1,7.7,9.4,2.03,4.1,8.8,Low,8.4,6.2,83.8,No,Poor,Yes,High
STU0797,21,Female,5,7.4,32.4,3.07,3.9,5.7,Low,2.1,4.6,97.2,Yes,Average,No,Low
STU0798,22,Female,3,7.7,29.4,3.13,4.6,7.4,High,4.3,1.7,90.5,No,Poor,No,Medium
STU0799,21,Male,1,6.7,14.8,2.53,7.9,8.7,Moderate,3.6,7.3,79.6,No,Good,No,Low
STU0800,21,Male,2,7.5,26.6,2.51,5.7,9.2,High,6.3,6.1,83.8,Yes,Poor,No,Medium
STU0801,23,Male,2,6.3,18.4,2.69,5.3,9.7,Moderate,4.8,8.5,81.4,Yes,Average,No,Low
STU0802,20,Male,3,9.1,19.5,2.85,7.1,9.6,Low,7.1,7.5,83.6,Yes,Good,No,Low
STU0803,21,Male,4,5.9,21.5,2.24,5.9,7.6,Low,5.4,5.5,74.6,No,Good,No,Medium
STU0804,20,Male,5,9.1,33.5,2.91,4.7,7.6,Low,6.8,5.4,80.7,No,Poor,No,Low
STU0805,20,Female,2,6.8,14.9,2.63,5.3,8.3,Low,4.5,5.4,92.0,Yes,Poor,No,Medium
STU0806,20,Female,3,5.3,23.9,2.52,4.6,7.2,Moderate,6.2,9.2,87.4,Yes,Good,No,Medium
STU0807,21,Male,3,8.3,18.8,3.12,5.3,8.0,Moderate,2.4,8.7,85.2,No,Average,No,Low
STU0808,20,Male,2,6.9,16.2,2.62,6.4,8.7,Moderate,7.4,5.9,78.5,No,Average,Yes,High
STU0809,24,Female,1,7.7,19.1,2.47,6.2,9.9,Low,6.8,4.1,82.0,No,Poor,Yes,High
STU0810,19,Male,5,8.1,25.5,2.83,7.0,10.4,Low,9.0,6.6,75.2,No,Good,No,Medium
STU0811,21,Female,4,7.2,22.4,2.7,6.1,7.4,Low,6.1,5.7,87.1,No,Good,No,Low
STU0812,20,Female,2,6.1,22.5,2.38,,4.3,Low,8.5,7.7,90.9,Yes,Good,Yes,High
STU0813,24,Female,3,7.9,27.4,2.6,5.5,7.7,Moderate,7.9,3.0,100.0,No,Average,No,Medium
STU0814,21,Male,1,6.8,17.6,2.71,4.8,8.2,Low,8.4,7.1,78.5,No,Poor,No,Medium
STU0815,23,Female,3,7.6,18.4,2.84,,7.9,Moderate,7.8,9.5,93.4,No,Poor,No,Low
STU0816,18,Male,3,4.4,19.0,2.56,5.3,7.0,Moderate,2.8,8.8,80.4,No,Good,Yes,Medium
STU0817,22,Female,3,7.3,21.3,3.1,5.2,8.0,Low,,5.5,80.7,No,Poor,Yes,High
STU0818,23,Female,5,6.1,28.3,2.61,3.8,5.9,High,7.3,6.9,77.8,Yes,Poor,Yes,High
STU0819,21,Male,3,8.6,17.0,3.11,6.5,10.1,Moderate,2.7,5.9,89.6,Yes,Poor,No,Low
STU0820,23,Male,2,7.5,20.9,2.38,4.5,7.4,Low,5.6,5.4,77.8,No,Good,No,Low
STU0821,20,Male,4,7.1,24.3,2.42,,8.0,High,,5.3,80.3,No,Good,No,Medium
STU0822,24,Female,1,7.3,8.1,1.73,9.4,12.2,Low,4.5,5.7,77.3,No,Good,Yes,High
STU0823,26,Male,2,5.7,14.3,2.19,5.2,9.3,Low,8.3,9.2,78.0,No,Average,No,High
STU0824,20,Female,2,8.6,16.0,2.43,6.1,7.9,Moderate,5.4,8.3,78.9,Yes,Good,Yes,Low
STU0825,20,Male,2,9.0,17.7,2.82,3.7,6.7,Moderate,8.1,8.7,69.9,No,Poor,Yes,Low
STU0826,24,Female,4,7.2,31.6,3.03,4.5,6.9,Low,6.6,8.1,88.8,No,Good,No,Low
STU0827,24,Female,2,8.5,19.0,2.31,6.7,9.7,Low,4.8,3.7,84.3,No,Average,Yes,High
STU0828,20,Female,4,6.2,20.6,2.43,6.7,8.4,High,5.6,6.8,79.0,No,Average,No,Low
STU0829,20,Female,3,5.9,21.9,2.46,5.9,8.5,Low,7.5,7.1,87.3,Yes,,Yes,High
STU0830,20,Male,2,6.8,16.6,1.94,7.2,11.0,Low,4.7,7.8,91.4,Yes,Poor,Yes,High
STU0831,18,Male,4,7.3,25.3,2.48,8.0,9.4,Moderate,7.1,9.4,85.0,No,Average,No,Low
STU0832,19,Female,1,6.4,17.3,2.24,8.0,8.9,High,4.8,5.9,92.8,No,Poor,Yes,High
STU0833,19,Male,1,7.4,19.8,3.04,5.5,6.5,Low,7.6,6.2,100.0,No,Average,Yes,High
STU0834,19,Male,3,7.1,20.9,2.68,4.5,5.6,Moderate,7.1,6.3,100.0,No,Poor,No,Medium
STU0835,21,Male,2,5.7,24.6,2.84,5.1,8.3,Moderate,3.4,4.9,78.7,No,Poor,No,Medium
STU0836,22,Male,1,7.4,18.6,2.13,,6.0,Moderate,6.2,5.4,74.5,No,Good,No,Low
STU0837,24,Male,3,7.7,18.2,2.94,6.6,8.7,Moderate,6.6,4.3,84.5,No,Good,No,Medium
STU0838,19,Female,3,7.0,29.8,3.27,3.8,7.0,High,7.4,4.9,90.5,Yes,Good,No,Low
STU0839,23,Male,2,8.1,19.3,2.05,6.0,9.0,Low,6.3,3.6,93.4,No,Average,No,Medium
STU0840,21,Female,5,5.5,23.7,2.38,6.5,8.5,Low,2.5,9.8,88.7,No,Good,No,Low
STU0841,21,Male,3,7.3,27.6,2.99,5.1,7.8,High,7.5,7.6,79.5,No,Good,No,Low
STU0842,22,Female,4,5.5,32.3,3.05,3.8,6.4,Moderate,,5.4,84.0,No,Average,Yes,High
STU0843,19,Male,1,5.6,14.9,2.14,,9.9,Moderate,8.3,8.2,82.5,Yes,Average,No,High
STU0844,22,Female,3,6.1,19.0,2.41,4.2,6.4,Moderate,6.7,2.6,74.0,Yes,Poor,No,High
STU0845,21,Female,4,5.8,23.3,2.43,5.3,10.5,Moderate,8.2,9.9,84.7,No,Poor,No,High
STU0846,22,Male,3,6.2,23.9,2.68,5.6,9.1,Moderate,5.7,8.8,77.8,Yes,Good,No,Low
STU0847,22,Female,3,6.6,26.1,3.1,5.4,10.9,High,2.5,6.8,77.0,No,Average,Yes,Low
STU0848,26,Non-binary,2,7.7,20.3,2.42,6.2,8.1,Moderate,7.2,8.7,77.9,No,,No,Low
STU0849,20,Female,1,6.4,15.4,2.71,7.1,9.5,Low,6.1,7.0,89.1,No,Poor,Yes,High
STU0850,20,Female,2,5.1,24.0,2.34,5.6,6.5,Moderate,8.7,7.3,86.9,Yes,Poor,No,High
STU0851,20,Male,2,8.1,16.7,2.31,6.0,7.5,Moderate,,6.0,84.5,No,Average,Yes,Medium
STU0852,20,Female,4,5.9,28.1,3.0,4.8,9.6,Moderate,7.2,3.6,94.9,No,Average,No,High
STU0853,20,Male,1,6.7,13.8,2.66,6.0,7.9,Moderate,6.0,4.8,92.2,No,Average,No,Medium
STU0854,24,Male,5,7.3,28.7,3.13,5.9,10.7,Low,5.6,7.6,90.2,Yes,Average,No,Low
STU0855,24,Non-binary,5,7.0,26.5,2.39,4.7,5.7,Moderate,9.9,,84.8,No,Average,No,Medium
STU0856,20,Male,1,8.0,14.8,2.36,7.4,8.6,Moderate,4.6,,85.1,Yes,Good,Yes,Low
STU0857,19,Female,2,7.3,16.5,2.75,6.4,8.5,Moderate,7.1,5.3,85.5,No,Good,Yes,Medium
STU0858,22,Female,4,5.9,29.4,2.81,4.5,6.9,Moderate,3.2,6.9,71.6,No,Poor,No,Medium
STU0859,20,Female,5,9.2,24.1,2.54,6.2,9.8,Low,6.1,2.3,93.2,No,Average,No,Low
STU0860,22,Non-binary,2,7.0,15.0,2.58,5.8,8.8,Moderate,,7.1,88.3,Yes,Average,No,Medium
STU0861,21,Male,2,6.6,26.5,2.54,6.0,8.0,Moderate,2.4,8.6,,Yes,Average,Yes,Medium
STU0862,18,Male,3,7.9,24.9,3.34,5.7,8.0,Moderate,7.0,2.3,100.0,No,Average,No,Low
STU0863,24,Male,3,7.1,11.5,2.81,6.3,8.4,Moderate,5.5,6.2,82.7,Yes,Poor,Yes,Medium
STU0864,25,Male,2,7.2,15.7,2.66,,8.4,Moderate,4.9,1.7,85.2,Yes,Good,No,Medium
STU0865,20,Male,4,9.5,16.8,3.08,6.9,8.3,Low,3.5,7.5,95.6,No,Average,No,Low
STU0866,20,Male,1,6.5,11.2,2.31,8.0,11.7,Moderate,5.6,6.5,85.4,Yes,Good,No,High
STU0867,22,Female,1,6.5,2.4,2.26,8.7,9.0,Low,6.8,4.6,,Yes,Poor,Yes,High
STU0868,22,Female,2,6.9,17.5,2.95,6.7,11.1,Moderate,8.3,4.1,85.2,No,Poor,No,High
STU0869,22,Male,2,8.0,13.4,2.54,5.5,7.6,Low,3.8,9.3,97.1,Yes,Average,No,Low
STU0870,25,Female,2,5.1,18.2,2.33,8.6,10.2,Low,6.3,7.3,78.5,No,Average,No,High
STU0871,21,Male,2,4.6,11.5,1.66,5.4,8.8,Moderate,6.1,7.4,89.2,No,Average,No,High
STU0872,19,Male,2,,18.3,2.46,7.1,11.4,Moderate,6.1,5.1,68.9,No,Good,Yes,High
STU0873,18,Female,1,5.0,13.3,2.5,7.1,10.9,Moderate,5.5,6.6,77.3,No,Average,No,High
STU0874,19,Female,2,6.3,24.0,2.94,4.4,7.5,Moderate,4.4,6.9,89.7,Yes,Average,No,Low
STU0875,21,Female,5,7.4,32.6,3.15,4.6,8.4,Moderate,6.8,,86.1,No,,No,Low
STU0876,25,Male,2,5.8,21.1,2.38,5.8,6.2,Moderate,2.4,6.7,83.8,No,Average,Yes,Medium
STU0877,20,Female,2,5.2,16.7,1.77,7.6,9.5,Moderate,5.6,7.1,80.9,No,Average,No,High
STU0878,21,Female,3,6.9,28.9,2.7,4.4,5.8,Moderate,3.1,8.7,77.9,No,Average,Yes,Low
STU0879,21,Female,5,7.7,20.8,2.57,5.7,9.7,Moderate,7.1,5.2,,Yes,Average,No,High
STU0880,24,Female,1,4.9,9.4,2.03,4.7,6.7,Moderate,7.2,8.0,83.8,No,Average,No,High
STU0881,27,Female,3,7.7,20.7,2.85,7.7,11.2,High,7.5,2.1,82.4,No,Poor,Yes,High
STU0882,20,Female,3,7.7,30.0,3.53,,7.0,Low,5.0,9.1,100.0,Yes,Average,Yes,Low
STU0883,20,Female,3,7.8,20.2,2.69,6.3,7.8,High,3.1,8.6,84.8,No,Poor,No,Low
STU0884,23,Non-binary,1,8.1,14.3,2.43,6.5,8.3,Low,1.6,5.0,89.6,No,Good,No,Low
STU0885,23,Female,3,9.2,15.2,2.52,6.4,10.5,Low,2.9,8.5,88.2,Yes,Poor,Yes,Medium
STU0886,25,Male,1,6.4,18.8,2.55,6.9,8.5,Low,9.4,7.4,81.1,Yes,Poor,No,High
STU0887,22,Female,3,6.9,24.8,2.48,7.2,9.8,Moderate,8.5,7.0,71.0,No,Average,Yes,High
STU0888,20,Male,4,6.3,27.2,2.79,5.5,7.1,Low,7.4,8.6,95.0,No,Average,No,Low
STU0889,22,Male,1,6.8,12.5,2.49,7.4,9.5,High,2.3,4.8,78.1,No,Average,No,Low
STU0890,23,Female,4,8.5,21.2,2.79,6.2,8.6,High,5.9,5.3,83.9,No,Average,No,Low
STU0891,23,Female,1,5.3,9.8,2.3,8.0,9.6,Moderate,6.9,3.6,82.7,Yes,Good,No,High
STU0892,22,Female,4,5.9,24.3,2.77,5.1,6.4,Moderate,4.2,6.8,,No,Average,No,Low
STU0893,23,Male,2,8.3,13.7,1.96,7.7,10.5,High,6.3,5.5,88.5,No,Average,No,Low
STU0894,24,Female,1,7.9,10.3,2.55,8.1,9.6,High,8.4,3.9,85.3,No,Good,No,Low
STU0895,24,Male,1,6.4,13.3,2.15,7.8,9.3,Moderate,9.0,9.2,82.0,No,Poor,Yes,High
STU0896,22,Non-binary,5,7.7,25.0,2.46,4.8,6.2,Moderate,,5.9,91.9,No,Good,No,Low
STU0897,21,Non-binary,1,7.2,12.8,2.06,6.6,9.0,Moderate,4.3,9.6,86.6,No,Average,No,Low
STU0898,21,Female,1,8.5,16.9,2.73,6.5,10.1,Moderate,4.8,9.8,81.2,Yes,Good,No,Low
STU0899,24,Female,2,6.9,18.3,2.47,4.8,9.1,Low,7.0,8.5,76.8,No,Poor,No,Low
STU0900,19,Female,3,7.9,19.8,2.14,7.6,9.2,Moderate,7.4,7.4,77.1,Yes,Good,No,Medium
STU0901,22,Female,3,9.7,21.7,2.97,5.8,10.9,Low,7.1,,87.5,No,Average,No,Low
STU0902,20,Male,1,7.5,11.0,1.92,7.2,8.5,Moderate,3.9,3.1,72.8,No,Average,No,Medium
STU0903,21,Female,2,6.9,18.4,2.58,5.6,9.4,Moderate,4.7,2.1,86.1,Yes,Average,No,High
STU0904,24,Female,1,7.6,15.6,2.57,5.1,6.7,High,7.5,3.5,84.5,No,Good,No,Low
STU0905,21,Female,1,6.4,9.0,2.48,6.5,8.0,High,5.9,6.2,67.1,No,Average,No,Medium
STU0906,21,Male,2,9.4,22.0,3.35,6.0,7.6,Moderate,,8.7,80.3,No,Average,Yes,Low
STU0907,18,Female,3,7.0,17.5,2.11,6.9,9.3,Moderate,8.1,8.3,62.5,Yes,Good,Yes,High
STU0908,23,Male,1,6.5,15.4,2.4,6.6,9.8,Low,,7.8,82.0,Yes,Poor,No,Medium
STU0909,22,Female,2,5.9,22.7,2.51,6.1,9.4,Moderate,3.9,8.0,92.6,No,Poor,Yes,Medium
STU0910,26,Female,2,8.0,21.7,2.84,5.5,6.9,Low,4.2,5.0,73.8,No,Good,No,Low
STU0911,20,Female,5,7.8,27.1,2.92,5.8,7.1,Low,6.1,,78.3,No,Poor,No,Low
STU0912,21,Female,5,6.3,25.6,2.6,6.9,8.3,Moderate,4.6,6.2,84.5,No,Good,No,Medium
STU0913,22,Male,4,7.4,27.8,2.72,5.9,8.3,Low,3.0,4.0,78.9,Yes,Average,No,Low
STU0914,24,Male,1,5.1,17.7,2.05,,9.2,Low,7.2,9.2,74.8,Yes,Average,No,High
STU0915,21,Female,1,7.0,12.5,2.66,7.0,8.4,High,7.0,5.2,89.8,No,Poor,No,Low
STU0916,22,Female,2,7.3,14.8,2.59,5.0,7.8,Low,8.1,9.2,82.1,Yes,Good,No,Low
STU0917,22,Male,2,8.7,9.7,2.68,6.0,11.2,Low,2.8,4.9,75.7,No,Good,Yes,Low
STU0918,21,Female,3,6.0,21.6,2.47,6.3,8.2,Low,9.0,4.1,70.2,No,Average,No,High
STU0919,20,Female,4,5.4,23.7,2.39,5.6,7.6,Low,3.7,5.2,99.8,No,Average,No,Medium
STU0920,21,Female,4,5.8,28.5,2.44,5.6,8.8,Low,7.3,5.7,92.5,No,Poor,Yes,High
STU0921,23,Female,4,5.3,25.4,2.74,7.1,8.9,Moderate,9.3,3.0,83.3,No,Good,No,High
STU0922,19,Male,2,8.3,23.3,2.47,6.4,9.7,Low,5.5,8.7,85.4,No,Average,No,Low
STU0923,21,Male,3,8.5,18.2,3.2,7.4,9.0,High,,8.2,85.8,No,Poor,Yes,Medium
STU0924,19,Female,2,7.2,22.6,2.29,5.8,10.5,Low,4.6,8.2,87.3,No,Good,Yes,Medium
STU0925,24,Female,1,,12.9,2.54,5.9,8.8,Moderate,,5.0,79.3,Yes,Good,Yes,Medium
STU0926,18,Female,3,6.9,24.1,3.18,5.5,7.3,Moderate,6.8,8.7,85.3,No,Poor,No,Low
STU0927,20,Female,1,6.7,9.2,2.42,6.3,8.1,Moderate,8.6,4.7,87.7,Yes,Good,Yes,High
STU0928,22,Female,2,6.4,18.9,2.57,7.7,9.6,Moderate,2.8,7.0,95.6,No,Good,No,Low
STU0929,24,Non-binary,2,6.5,10.1,1.97,7.8,11.9,High,4.5,4.0,87.0,Yes,Good,Yes,High
STU0930,21,Female,3,5.1,19.9,2.04,6.5,7.5,Low,2.6,8.0,90.9,No,Poor,No,Medium
STU0931,20,Female,4,7.1,25.8,3.0,6.7,8.4,Moderate,6.0,6.8,85.8,Yes,Average,No,Medium
STU0932,25,Male,2,6.8,15.9,2.9,4.4,6.2,High,4.1,3.5,83.0,No,Good,No,Low
STU0933,18,Male,4,7.6,19.8,2.49,6.6,9.1,Low,4.5,6.3,71.4,No,Poor,No,Medium
STU0934,17,Female,2,6.9,21.4,2.28,4.5,6.7,Low,7.6,9.4,84.2,No,,No,Low
STU0935,22,Male,2,6.6,17.6,1.75,6.2,6.9,Low,5.3,3.5,83.2,Yes,Average,No,High
STU0936,20,Female,4,5.8,22.0,2.27,5.5,7.5,Moderate,2.3,5.3,81.5,No,Average,No,Medium
STU0937,19,Female,3,6.9,21.2,2.58,6.5,8.9,Low,3.9,9.3,80.0,No,Average,Yes,High
STU0938,23,Female,5,7.6,37.5,3.64,4.5,6.2,Low,6.2,5.7,100.0,No,Good,No,Low
STU0939,22,Male,1,5.5,19.6,2.67,7.4,10.7,Moderate,8.2,7.0,90.4,Yes,Poor,Yes,High
STU0940,20,Male,3,6.9,25.7,2.85,4.8,8.4,Moderate,7.9,7.0,96.3,Yes,Average,No,Low
STU0941,18,Male,3,7.1,22.7,2.56,6.4,8.8,Low,6.9,6.1,78.7,No,Average,No,Medium
STU0942,23,Male,5,,27.7,2.58,5.4,8.2,Low,8.7,6.0,80.5,No,Poor,No,High
STU0943,22,Male,1,6.2,5.4,2.52,5.8,5.7,Moderate,7.0,7.9,93.5,No,Poor,No,Medium
STU0944,21,Female,4,7.1,21.3,2.7,5.0,7.0,High,8.9,,85.9,Yes,Good,No,Medium
STU0945,25,Female,3,5.6,19.1,1.83,5.9,9.6,Moderate,4.9,5.0,77.0,Yes,Average,No,High
STU0946,19,Female,2,7.2,10.5,2.12,8.1,10.1,Moderate,6.8,8.5,79.2,Yes,Average,No,High
STU0947,18,Female,2,5.8,13.4,2.05,7.1,8.7,Moderate,5.9,5.8,82.2,Yes,Good,No,High
STU0948,19,Male,2,8.0,10.1,2.2,5.8,11.0,Low,6.7,8.4,90.2,No,Poor,Yes,Medium
STU0949,21,Female,3,9.4,20.8,,5.8,10.5,Moderate,4.9,5.8,86.6,Yes,Average,Yes,Low
STU0950,22,Female,4,5.9,27.3,2.7,7.3,10.4,High,6.4,7.0,91.7,No,Poor,Yes,High
STU0951,20,Male,3,7.4,25.4,2.76,5.6,9.5,Moderate,8.6,9.7,89.8,No,Average,No,Medium
STU0952,22,Female,3,,22.7,3.0,5.4,5.2,High,6.5,3.3,81.9,Yes,Poor,No,High
STU0953,18,Male,3,7.9,17.1,2.36,6.8,8.4,High,,4.1,78.0,No,Good,Yes,Medium
STU0954,24,Female,1,5.4,7.3,2.66,8.0,9.9,Low,7.9,5.0,82.8,No,Average,Yes,High
STU0955,21,Non-binary,1,7.3,8.0,2.05,6.7,8.9,Low,6.9,6.6,72.9,Yes,Average,No,Medium
STU0956,23,Male,2,5.8,12.9,2.32,7.2,9.1,Low,6.0,3.9,80.3,No,Average,No,High
STU0957,22,Female,2,6.6,14.4,2.31,6.2,5.6,Moderate,4.4,8.8,94.5,No,Poor,No,Medium
STU0958,22,Female,1,5.7,14.4,2.37,7.3,10.3,Low,6.0,9.0,84.0,No,Good,No,High
STU0959,22,Non-binary,3,7.7,16.9,2.68,6.5,9.7,High,2.8,7.9,80.7,No,Poor,No,Low
STU0960,22,Female,2,5.9,19.4,2.63,6.5,10.9,Low,5.1,6.9,99.2,No,,Yes,High
STU0961,22,Female,2,7.4,17.1,2.31,5.5,7.1,Low,6.8,,77.3,No,Poor,No,Medium
STU0962,24,Male,2,6.4,18.0,2.15,5.4,6.9,Low,9.0,9.3,76.2,Yes,Good,No,High
STU0963,21,Male,1,6.7,19.6,3.31,7.0,6.3,High,8.3,8.7,,Yes,Average,Yes,Low
STU0964,23,Male,5,7.0,22.3,2.51,5.7,7.8,Moderate,2.5,9.7,89.7,No,Poor,No,Low
STU0965,21,Non-binary,4,6.0,25.7,2.9,5.7,9.3,High,3.8,,86.5,No,Average,Yes,Medium
STU0966,24,Female,3,,20.9,2.13,5.6,7.4,High,8.5,3.5,88.6,Yes,Good,No,Medium
STU0967,20,Female,1,8.5,13.7,2.42,7.5,12.6,Moderate,6.5,5.1,86.6,Yes,Average,Yes,High
STU0968,25,Female,4,5.9,27.5,2.7,4.6,6.8,Low,6.4,3.1,77.9,No,Average,No,High
STU0969,21,Male,4,8.1,27.5,3.03,5.1,7.8,Low,7.3,5.7,71.4,No,Poor,No,Low
STU0970,18,Male,4,8.4,20.2,1.88,6.8,7.7,Low,4.2,4.0,77.3,Yes,Poor,No,Medium
STU0971,21,Male,1,5.9,14.3,2.39,7.7,10.5,Moderate,6.6,7.9,91.9,Yes,Poor,No,High
STU0972,20,Male,3,5.2,22.1,2.18,5.3,5.4,Low,5.5,7.1,80.1,Yes,Average,No,High
STU0973,23,Male,4,7.1,22.9,2.78,,11.0,Low,8.2,4.3,89.9,No,Good,No,Medium
STU0974,20,Female,3,6.2,23.3,2.32,6.0,9.4,Moderate,5.2,7.3,85.2,No,Good,No,Medium
STU0975,20,Male,3,8.9,22.1,2.53,4.7,8.8,Moderate,6.0,9.0,73.3,Yes,Good,Yes,Low
STU0976,17,Male,2,6.8,25.3,2.65,5.8,7.1,Moderate,3.7,7.9,83.1,No,Poor,No,Low
STU0977,20,Male,3,5.9,14.9,2.04,6.1,8.8,Moderate,8.4,9.2,84.8,Yes,Good,No,High
STU0978,17,Male,1,5.5,14.5,2.18,7.0,10.2,High,6.8,6.7,77.6,No,Average,Yes,High
STU0979,18,Non-binary,3,8.0,17.4,2.22,6.2,9.2,Moderate,5.2,7.8,80.8,Yes,Average,No,Low
STU0980,23,Female,1,6.2,17.4,1.91,6.3,7.8,Low,4.0,6.6,84.2,No,Average,No,High
STU0981,23,Non-binary,2,6.8,11.5,2.63,5.9,5.5,Moderate,4.3,8.9,86.3,No,Poor,No,Low
STU0982,22,Male,2,7.9,19.4,2.25,7.1,10.0,High,3.8,4.6,90.8,Yes,,No,Low
STU0983,19,Male,3,6.3,18.5,2.44,5.0,7.3,Low,5.4,7.4,87.3,No,Average,No,Medium
STU0984,21,Female,1,6.7,12.1,2.56,5.7,7.5,Moderate,7.6,6.0,78.7,Yes,Poor,Yes,High
STU0985,21,Male,3,6.8,15.2,2.25,6.8,10.2,Moderate,8.3,5.5,80.2,No,Average,No,Medium
STU0986,18,Male,4,7.6,22.1,2.45,7.4,9.8,Low,3.9,7.7,,Yes,Average,No,Medium
STU0987,24,Male,1,7.4,19.3,2.66,5.7,6.6,High,7.0,8.0,95.3,Yes,Good,No,Low
STU0988,23,Male,1,6.6,14.9,2.74,,7.4,Low,9.5,9.7,83.1,No,Good,Yes,High
STU0989,21,Male,1,6.9,17.5,2.16,7.3,8.4,Moderate,3.8,7.2,70.8,No,Good,Yes,Medium
STU0990,21,Male,4,6.4,30.7,2.82,5.7,11.1,Moderate,6.9,8.0,90.0,No,Good,No,Low
STU0991,21,Female,3,5.2,22.1,2.01,5.5,8.9,Moderate,4.8,7.2,76.8,Yes,Good,No,High
STU0992,17,Male,2,7.1,15.8,2.35,5.3,8.0,Low,5.4,3.0,75.1,No,Average,No,High
STU0993,20,Male,1,8.9,16.9,2.64,4.1,6.4,Low,4.8,8.5,86.0,No,Good,No,Low
STU0994,19,Female,3,5.8,18.8,2.21,5.9,8.1,Low,3.8,6.4,90.1,No,Average,No,Medium
STU0995,19,Male,4,5.9,22.0,2.44,7.0,10.9,Low,5.5,4.0,80.6,No,,No,High
STU0996,20,Male,4,5.8,17.9,2.02,5.1,7.0,Low,8.7,9.3,85.6,No,,No,High
STU0997,25,Female,3,7.6,24.7,2.8,6.2,9.4,High,3.8,,91.6,No,Average,No,Low
STU0998,22,Male,1,7.3,13.5,2.73,5.7,7.8,Moderate,,6.0,91.9,No,Good,No,Low
STU0999,20,Male,1,6.6,15.7,2.1,6.5,11.3,Moderate,7.7,7.3,77.5,Yes,Average,Yes,High
STU1000,22,Female,1,5.8,10.9,2.05,7.6,11.0,Moderate,4.4,,74.5,Yes,Poor,No,High
STU1001,24,Male,2,6.9,19.7,2.72,5.4,9.4,Moderate,6.6,5.2,79.4,No,Average,No,High
STU1002,23,Female,1,5.1,12.0,2.58,7.0,8.8,High,7.7,7.7,91.0,Yes,Average,No,High
STU1003,21,Female,2,7.0,17.4,2.06,5.8,9.6,Low,7.8,,87.0,No,Good,No,High
STU1004,20,Male,2,7.8,21.5,2.64,6.6,8.7,High,7.0,8.5,79.1,No,Average,Yes,Low
STU1005,23,Female,5,,30.2,2.87,5.2,7.8,Moderate,5.6,8.7,100.0,No,Poor,No,Medium
STU1006,22,Female,3,5.1,20.9,2.45,6.0,10.5,High,4.1,6.8,77.2,No,Good,Yes,Medium
STU1007,23,Male,4,8.5,16.9,,7.9,9.1,Moderate,9.0,4.8,88.2,No,Good,Yes,High
STU1008,22,Female,3,6.1,33.0,3.07,5.4,8.1,Moderate,4.1,5.4,99.1,No,Poor,No,Low
STU1009,23,Male,1,8.0,22.0,3.18,5.1,8.1,Low,6.1,8.1,89.8,No,Good,No,Low
STU1010,20,Female,4,6.6,26.9,2.8,5.2,8.3,Low,5.3,9.3,81.4,No,Average,Yes,Medium
STU1011,24,Male,2,6.6,15.0,2.1,6.4,8.4,Moderate,2.9,2.7,77.4,No,Average,No,Medium
STU1012,21,Female,3,7.3,20.5,2.47,6.0,11.0,High,7.8,8.2,83.0,Yes,Good,No,Low
STU1013,26,Male,2,5.8,15.8,2.91,8.9,9.8,Moderate,8.8,3.4,95.0,No,Good,No,High
STU1014,19,Female,5,6.9,32.1,3.22,5.2,9.5,Low,8.5,7.3,80.9,No,Average,No,Medium
STU1015,25,Male,2,6.4,19.1,2.71,4.1,8.1,High,5.9,9.6,73.4,Yes,Poor,Yes,Medium
STU1016,21,Male,2,5.3,14.9,2.42,6.0,10.8,Moderate,6.7,8.0,87.1,Yes,Poor,No,High
STU1017,20,Female,5,7.2,25.1,2.56,3.6,4.2,Low,3.8,3.5,89.4,No,Good,Yes,Medium
STU1018,20,Female,1,6.5,19.5,2.48,5.7,7.2,Low,,8.2,98.7,No,Good,No,Low
STU1019,20,Female,3,6.6,27.4,2.76,3.3,7.6,Low,4.9,6.1,,No,Average,No,Low
STU1020,22,Female,4,5.5,30.1,2.95,4.1,4.3,High,6.6,7.7,86.8,Yes,Average,No,Low
STU1021,22,Female,4,8.6,27.0,3.36,3.8,4.4,High,7.7,5.1,,Yes,Average,Yes,Low
STU1022,20,Female,5,7.8,26.0,3.16,5.8,7.7,Low,,8.4,89.8,Yes,Good,No,Low
STU1023,21,Male,5,7.9,14.0,2.05,6.6,9.3,Low,6.8,9.3,80.9,No,Average,No,Medium
STU1024,26,Female,1,6.5,16.2,2.51,6.7,11.1,Moderate,4.0,8.2,90.6,No,Average,No,Low
STU1025,25,Female,4,4.9,24.0,2.78,5.5,7.8,High,3.5,9.2,82.5,No,Average,No,Medium
STU1026,22,Non-binary,3,8.9,21.6,2.96,4.4,6.2,Moderate,8.6,9.3,93.7,No,Poor,No,Low
STU1027,21,Female,3,6.7,21.2,2.42,6.4,9.3,Moderate,7.5,4.3,75.7,No,Poor,No,High
STU1028,21,Male,1,6.0,9.7,3.09,9.0,12.1,Low,7.2,7.2,77.9,Yes,Average,Yes,High
STU1029,22,Male,3,7.3,23.2,2.32,6.1,9.1,Moderate,6.1,7.8,82.0,Yes,Average,No,Medium
STU1030,19,Female,5,8.1,29.5,2.63,4.6,6.9,Low,5.6,9.7,67.8,Yes,Good,No,Low
STU1031,20,Female,5,6.8,29.7,2.94,3.6,3.8,High,3.5,9.2,88.2,No,Average,No,Low
STU1032,17,Female,2,8.2,21.8,3.36,4.9,6.3,Moderate,8.1,6.1,78.0,Yes,Poor,No,Low
STU1033,22,Female,1,8.0,17.4,2.33,6.7,10.9,High,6.3,6.3,86.0,No,Average,Yes,Low
STU1034,22,Female,2,5.6,16.4,2.3,7.4,10.1,Moderate,7.2,7.6,85.1,Yes,Poor,No,High
STU1035,20,Male,4,6.1,23.7,2.96,5.9,8.0,High,7.2,8.8,87.3,Yes,Poor,No,High
STU1036,24,Female,3,7.9,21.4,2.69,6.7,10.5,Low,9.5,6.7,89.2,No,Average,Yes,High
STU1037,18,Male,2,3.8,18.4,2.22,6.9,8.0,Moderate,4.5,7.8,84.7,No,Good,No,High
STU1038,18,Male,1,6.6,19.0,2.7,6.6,8.8,Moderate,6.5,6.5,84.1,No,Good,Yes,Medium
STU1039,21,Female,2,5.2,20.6,2.56,5.3,8.0,Low,8.0,4.9,98.2,No,Good,No,High
STU1040,23,Female,2,6.3,26.3,3.04,5.5,7.5,High,7.0,5.5,91.0,Yes,Average,No,Medium
STU1041,25,Male,5,6.5,35.8,3.42,3.6,6.2,Moderate,4.3,6.0,95.9,No,Good,No,Low
STU1042,20,Male,3,6.4,21.3,2.68,,8.2,Moderate,5.9,6.4,93.6,No,,No,Low
STU1043,23,Non-binary,2,6.2,2.7,2.1,8.1,8.9,High,3.9,5.2,87.3,No,,No,Medium
STU1044,21,Male,3,5.6,25.9,2.73,7.1,9.8,High,7.0,4.8,100.0,Yes,Average,No,High
STU1045,21,Female,1,9.3,12.8,2.68,5.4,6.3,Moderate,,,87.2,No,Poor,No,Low
STU1046,23,Female,5,8.9,23.8,2.85,6.1,8.8,High,,7.8,87.1,Yes,Average,No,Low
STU1047,22,Female,2,5.5,16.4,2.38,7.8,11.9,Low,7.9,5.7,,Yes,Good,No,High
STU1048,18,Female,2,8.5,16.2,2.94,7.1,9.3,Low,3.2,3.7,85.8,Yes,Average,No,Low
STU1049,24,Male,2,6.4,20.4,3.01,6.8,7.9,Moderate,3.9,4.9,82.9,No,Poor,No,Low
STU1050,24,Female,3,6.9,14.8,1.97,7.1,9.4,Moderate,8.6,8.7,86.6,No,Average,No,Medium
STU1051,20,Male,3,6.7,16.7,2.47,7.6,9.1,Moderate,6.9,6.7,78.4,No,Average,Yes,High
STU1052,22,Female,3,6.1,22.4,2.39,4.7,7.9,Low,7.8,5.9,84.9,No,Good,No,High
STU1053,22,Male,2,7.9,20.5,2.57,4.6,6.9,Moderate,7.7,9.2,89.3,No,Poor,No,Low
STU1054,22,Female,2,6.9,20.6,2.72,5.9,10.5,High,8.7,3.4,87.4,No,Average,No,High
STU1055,20,Male,1,6.3,11.9,2.5,4.6,8.5,Moderate,6.5,6.8,78.7,Yes,Average,No,Medium
STU1056,20,Male,3,5.4,17.1,2.36,7.5,9.8,High,6.7,9.4,89.1,No,Good,No,Medium
STU1057,21,Male,1,5.8,13.0,1.72,7.9,11.3,Moderate,6.1,7.2,79.7,No,Average,No,High
STU1058,24,Male,3,5.0,22.0,2.22,5.4,7.4,Low,8.8,9.6,63.2,No,Good,Yes,High
STU1059,22,Female,4,6.8,29.9,3.14,4.6,7.1,Low,5.9,4.8,82.0,No,Poor,No,Medium
STU1060,20,Male,4,5.5,15.8,,6.3,8.4,Low,6.8,4.1,89.0,No,Poor,No,High
STU1061,23,Female,2,6.5,17.1,2.82,6.3,9.7,High,7.5,,97.3,Yes,Average,No,Medium
STU1062,17,Non-binary,2,8.3,12.7,2.62,6.9,11.1,Low,6.4,7.1,89.4,No,Average,Yes,Low
STU1063,24,Female,1,8.1,8.4,2.71,7.7,11.2,Low,4.7,6.5,91.7,Yes,Average,No,Medium
STU1064,17,Male,3,6.8,24.9,2.66,,8.9,High,5.4,9.3,80.5,Yes,,No,Low
STU1065,20,Male,4,6.7,26.2,2.14,6.3,9.9,Moderate,,5.7,81.0,No,Average,Yes,High
STU1066,19,Female,1,8.9,16.8,2.76,6.8,10.0,Low,7.0,8.0,95.2,No,Average,Yes,Low
STU1067,18,Male,2,7.4,21.7,3.05,5.2,6.3,Low,7.9,3.0,91.3,Yes,Average,Yes,High
STU1068,24,Male,4,6.4,22.1,2.89,7.1,11.6,High,4.0,6.5,87.8,No,Poor,No,Low
STU1069,20,Female,4,5.2,22.3,2.33,4.4,9.1,High,6.9,4.5,82.7,No,Good,No,Medium
STU1070,22,Female,1,7.2,23.7,2.74,5.5,7.7,Low,,7.4,94.7,Yes,Average,Yes,Medium
STU1071,21,Female,3,7.7,20.0,2.48,7.0,9.1,Moderate,7.8,6.7,92.7,No,Poor,No,Low
STU1072,22,Male,1,6.1,17.9,2.22,5.5,8.7,High,2.4,7.7,87.9,Yes,Average,No,Medium
STU1073,21,Female,1,7.1,15.0,2.73,6.8,10.0,Moderate,6.9,3.5,86.8,No,Average,Yes,High
STU1074,18,Male,5,6.4,19.6,2.18,6.6,8.9,High,4.2,6.4,80.6,Yes,Average,Yes,Medium
STU1075,23,Male,4,6.6,15.8,2.17,5.6,6.6,Moderate,5.2,8.0,87.9,No,Average,No,Low
STU1076,20,Female,4,4.1,21.7,2.11,5.8,8.7,High,4.1,6.4,74.9,No,,Yes,High
STU1077,18,Male,1,6.6,19.2,2.09,5.9,9.1,Low,5.8,5.5,76.3,No,Good,Yes,High
STU1078,20,Male,4,7.9,27.2,2.91,4.7,8.1,Low,9.4,4.8,77.3,No,Poor,No,Medium
STU1079,24,Male,2,6.1,21.7,2.93,8.1,11.0,Moderate,6.0,6.5,96.2,Yes,,No,Medium
STU1080,23,Female,2,6.9,14.1,2.35,5.8,8.0,Moderate,5.9,3.9,79.1,Yes,Poor,No,High
STU1081,20,Female,3,6.0,27.5,2.29,6.3,10.0,High,3.2,8.4,86.6,No,Average,No,Low
STU1082,20,Female,1,,11.1,2.59,6.5,9.1,Low,5.1,3.9,84.7,No,Poor,No,High
STU1083,20,Female,4,6.6,24.9,3.21,4.4,6.3,High,8.3,7.5,,No,Good,No,Low
STU1084,26,Male,3,5.8,21.0,2.34,6.0,8.3,Low,3.7,7.6,87.1,Yes,Average,No,Medium
STU1085,22,Female,1,8.3,14.3,2.37,7.2,7.6,Moderate,5.4,,71.2,No,Average,No,Medium
STU1086,22,Male,1,7.8,20.4,2.81,6.9,9.2,Low,3.3,6.9,95.1,No,Average,No,Low
STU1087,23,Male,1,6.1,12.2,2.78,8.3,11.6,Moderate,4.1,2.5,84.0,No,Good,No,Medium
STU1088,22,Female,1,7.3,9.6,2.14,10.0,12.9,Moderate,5.7,8.8,81.4,Yes,Poor,Yes,High
STU1089,20,Female,3,7.4,21.1,2.25,6.1,10.4,Moderate,5.7,6.4,78.8,No,Average,Yes,Medium
STU1090,21,Male,4,7.5,22.4,2.89,5.1,7.3,Low,8.9,8.2,88.7,No,Average,No,Low
STU1091,21,Male,1,4.9,28.5,2.94,5.6,8.7,Moderate,2.5,6.3,88.9,No,Average,No,Low
STU1092,21,Male,1,7.9,17.7,2.59,6.0,9.5,High,8.3,6.8,81.0,No,Average,Yes,Medium
STU1093,23,Male,3,6.2,19.4,2.35,7.0,12.3,Low,3.6,5.1,,No,Poor,No,High
STU1094,21,Female,4,6.4,19.8,2.84,4.7,7.4,Low,8.1,7.1,87.7,Yes,,No,High
STU1095,23,Female,2,9.7,10.5,,9.3,10.5,Low,6.3,3.4,69.5,No,Good,Yes,Medium
STU1096,21,Female,2,7.1,13.9,2.18,7.5,11.0,High,5.4,8.0,73.0,No,Poor,Yes,Medium
STU1097,21,Female,3,6.4,21.5,2.61,4.2,8.9,Moderate,4.6,7.3,97.3,No,Average,No,Low
STU1098,17,Male,2,4.4,23.7,2.11,4.9,7.0,Low,9.1,9.6,85.0,Yes,Poor,Yes,High
STU1099,23,Female,1,8.3,19.5,2.87,6.9,10.4,Moderate,7.5,4.8,83.5,No,Average,No,Low
STU1100,22,Male,4,5.3,24.9,2.54,6.7,10.7,Moderate,6.7,6.3,73.4,Yes,Good,Yes,High
STU1101,23,Female,3,5.7,19.7,2.36,4.8,8.5,Low,7.4,9.3,83.8,Yes,Average,Yes,High
STU1102,17,Non-binary,3,6.4,22.1,2.6,6.5,9.2,High,1.7,5.8,92.5,Yes,Average,No,Low
STU1103,26,Female,4,8.4,21.9,2.76,3.9,5.6,Moderate,9.1,7.0,100.0,Yes,Poor,No,Low
STU1104,21,Male,3,7.7,27.9,3.14,5.1,7.5,Moderate,9.1,8.3,100.0,No,Good,No,Low
STU1105,23,Female,1,6.6,14.2,2.57,7.7,10.8,Moderate,5.3,5.0,79.2,Yes,Average,Yes,High
STU1106,19,Male,2,7.1,17.7,2.48,5.7,9.3,High,4.1,8.6,81.4,Yes,Poor,Yes,Medium
STU1107,22,Male,1,6.1,6.1,2.34,5.9,8.8,Low,2.5,8.9,73.7,Yes,Average,No,Medium
STU1108,19,Male,1,7.0,14.2,2.54,6.7,8.7,Low,9.4,8.6,79.3,No,Poor,Yes,High
STU1109,20,Male,3,6.9,24.3,2.58,5.0,8.2,Low,3.5,4.8,84.0,No,Good,No,Low
STU1110,25,Female,4,7.9,19.7,2.61,6.7,10.2,Moderate,6.7,7.6,83.1,No,Poor,No,Low
STU1111,21,Female,5,7.9,24.0,2.73,4.7,7.7,Moderate,3.0,5.7,100.0,No,Average,No,Low
STU1112,21,Female,3,7.3,24.2,2.89,4.8,6.3,Moderate,8.9,6.2,78.1,No,Poor,No,Medium
STU1113,23,Female,1,6.4,9.1,2.11,5.1,7.4,Low,2.3,6.2,82.3,No,Average,No,Medium
STU1114,22,Female,1,7.6,19.2,2.49,6.2,9.8,Moderate,8.1,4.6,70.5,Yes,Average,No,High
STU1115,21,Male,4,6.7,21.9,3.22,5.6,6.4,Moderate,4.1,5.2,91.6,No,Good,No,Low
STU1116,22,Male,3,5.6,19.4,2.76,4.9,4.9,Moderate,6.3,4.0,77.2,Yes,Average,No,High
STU1117,26,Female,3,6.4,16.5,2.21,6.5,10.8,High,,4.4,91.0,No,Poor,Yes,High
STU1118,21,Male,4,6.9,25.5,2.92,6.5,9.6,Low,4.5,4.1,85.5,No,Poor,No,High
STU1119,21,Female,3,7.8,30.8,3.01,4.7,7.9,Moderate,7.2,9.4,78.2,Yes,Good,No,Low
STU1120,23,Male,4,6.6,27.1,2.89,5.6,6.8,Low,5.9,7.4,72.6,No,Average,No,Low
STU1121,23,Male,1,5.5,11.5,,7.1,10.5,Moderate,5.1,6.2,76.8,No,Average,Yes,High
STU1122,24,Male,4,6.9,28.5,3.19,3.9,6.7,High,6.0,8.8,90.8,No,Good,No,Low
STU1123,22,Male,4,6.9,22.7,2.77,7.8,8.4,High,3.3,5.6,89.6,No,Poor,No,Low
STU1124,18,Male,2,7.0,23.5,2.68,5.2,9.4,Low,4.5,7.2,82.6,Yes,Average,No,Medium
STU1125,25,Female,3,7.8,24.2,,6.2,8.9,Moderate,6.8,6.3,95.0,No,Poor,No,Low
STU1126,18,Male,2,7.9,6.2,2.31,8.1,10.1,Low,8.0,7.5,75.9,No,Poor,Yes,High
STU1127,22,Female,5,6.1,23.0,2.65,5.6,7.6,High,8.2,8.0,65.4,No,Poor,Yes,High
STU1128,19,Male,1,6.1,18.8,2.59,6.7,6.8,Moderate,6.7,6.4,87.5,No,Good,No,Medium
STU1129,21,Male,3,5.7,21.6,2.52,6.1,9.3,Moderate,8.5,3.9,94.2,Yes,Average,No,High
STU1130,22,Male,1,7.6,10.9,2.36,5.5,8.3,Low,9.5,6.4,93.3,No,Poor,Yes,High
STU1131,22,Female,3,8.4,18.5,2.47,5.8,8.1,High,3.0,3.4,75.7,No,Poor,No,Medium
STU1132,22,Male,1,6.5,7.4,1.95,6.6,10.6,Moderate,7.2,8.2,77.9,No,Poor,No,Medium
STU1133,25,Female,1,6.5,14.6,2.09,6.1,6.9,Low,6.5,9.1,87.6,Yes,Good,No,Medium
STU1134,22,Male,2,8.4,26.8,2.47,4.0,5.8,Moderate,5.0,7.9,80.4,No,Average,No,Low
STU1135,20,Female,5,7.4,30.2,2.66,6.1,7.6,Low,8.1,6.2,86.7,No,Good,No,Low
STU1136,23,Male,1,7.3,23.8,2.67,7.2,9.4,Moderate,9.0,8.0,81.0,No,,Yes,Medium
STU1137,24,Female,1,5.5,18.5,2.47,7.1,9.7,High,6.6,6.4,77.2,Yes,Good,No,Medium
STU1138,18,Female,4,7.5,28.1,2.79,6.5,9.5,High,5.0,6.6,80.5,Yes,Poor,No,Low
STU1139,22,Female,3,5.8,28.9,2.07,4.8,6.9,Moderate,5.0,7.3,89.1,No,Poor,No,Medium
STU1140,23,Male,5,5.6,28.5,3.22,4.5,5.9,High,6.9,7.0,89.4,No,Average,No,Low
STU1141,20,Male,1,6.4,14.3,2.7,5.8,10.3,Moderate,8.8,4.2,95.1,No,Average,No,High
STU1142,24,Male,3,6.2,25.1,2.82,6.1,11.5,Low,3.4,8.4,90.6,Yes,Average,No,Low
STU1143,21,Female,1,6.6,20.8,3.16,6.1,8.8,High,4.2,9.6,100.0,No,Poor,No,Low
STU1144,21,Female,1,5.2,13.1,1.96,6.6,8.2,Low,5.1,5.8,87.5,No,Good,No,High
STU1145,21,Female,3,7.9,18.1,3.16,7.5,11.8,Low,8.3,9.5,94.3,Yes,Poor,No,Low
STU1146,21,Male,3,8.0,21.6,2.42,6.2,7.0,High,5.9,6.3,83.7,No,Poor,No,Low
STU1147,19,Male,4,4.7,27.3,2.72,4.4,6.5,Low,8.1,7.2,100.0,Yes,Average,No,High
STU1148,18,Male,2,7.9,21.2,2.31,5.2,6.9,Moderate,7.5,7.5,84.6,No,Poor,No,Low
STU1149,25,Non-binary,2,5.9,12.3,2.29,7.5,8.6,High,6.6,4.3,69.9,No,Poor,Yes,High
STU1150,19,Female,2,7.7,25.6,2.92,6.5,8.7,Moderate,6.4,6.8,89.4,No,Poor,No,Medium
STU1151,19,Female,5,6.7,24.4,2.65,6.1,7.6,Low,5.1,9.0,79.0,No,Poor,Yes,Medium
STU1152,17,Male,2,6.8,16.9,2.7,8.2,10.7,Moderate,1.8,5.5,93.3,Yes,Poor,No,Medium
STU1153,20,Female,2,6.6,14.4,2.42,8.2,10.7,Low,5.4,8.9,89.6,No,Poor,No,Medium
STU1154,18,Female,2,8.1,28.8,2.77,5.6,7.4,Moderate,8.7,9.6,85.3,No,Average,No,Low
STU1155,25,Male,3,5.4,22.0,2.37,5.0,7.1,Moderate,3.3,6.4,78.0,No,Average,Yes,Medium
STU1156,23,Female,2,7.5,14.6,2.71,5.2,7.4,Moderate,6.8,7.4,87.3,No,Average,No,Low
STU1157,19,Female,5,8.0,30.5,2.78,4.6,8.1,Moderate,7.7,7.6,82.2,No,Average,No,Low
STU1158,26,Female,2,7.6,21.1,2.94,6.6,8.9,Moderate,4.9,6.1,93.2,No,Poor,Yes,Medium
STU1159,23,Female,4,9.4,23.2,3.22,7.5,11.0,Moderate,5.4,5.0,93.2,No,Poor,No,Low
STU1160,20,Male,1,6.2,18.4,1.99,6.6,9.8,High,,8.8,100.0,No,Good,Yes,Medium
STU1161,17,Male,3,7.9,17.7,2.92,7.4,10.6,Low,6.1,7.2,84.4,No,Average,Yes,Medium
STU1162,26,Non-binary,5,6.7,25.0,3.34,5.3,9.5,High,7.2,4.4,87.9,No,Poor,No,Low
STU1163,18,Male,1,8.2,7.0,,7.9,9.1,Moderate,5.9,8.0,83.1,No,Good,No,Low
STU1164,17,Female,5,6.8,21.7,2.81,6.7,8.6,Low,7.9,6.5,86.1,Yes,Average,No,Medium
STU1165,23,Female,2,6.4,25.2,3.02,3.5,8.1,Low,8.1,6.4,95.3,No,Poor,No,Medium
STU1166,26,Female,5,8.2,33.6,3.0,4.2,6.4,Moderate,8.2,9.4,86.1,No,Good,Yes,Low
STU1167,24,Non-binary,3,6.3,21.3,2.63,6.8,5.9,Moderate,2.4,3.2,99.6,Yes,Average,No,Low
STU1168,22,Male,2,5.2,24.7,2.21,5.8,8.1,Low,3.3,,87.3,No,Good,Yes,Medium
STU1169,22,Male,1,6.2,14.4,2.41,5.4,8.1,High,7.4,2.1,81.1,Yes,Poor,Yes,High
STU1170,23,Male,2,7.5,17.0,2.68,3.9,3.3,Moderate,7.5,9.1,80.9,No,Poor,No,Low
STU1171,23,Male,1,8.3,15.2,2.69,6.1,10.2,High,8.0,4.0,93.4,Yes,Average,No,Low
STU1172,22,Male,1,6.9,14.5,2.74,6.5,8.1,Low,7.4,6.5,86.6,No,Poor,No,High
STU1173,21,Male,1,8.3,14.1,2.27,5.7,8.6,Low,7.2,6.1,83.7,No,Poor,Yes,High
STU1174,21,Female,2,5.3,22.6,2.39,5.9,8.1,Low,6.8,4.3,80.2,No,Good,No,High
STU1175,19,Female,4,,24.6,3.25,6.0,7.0,Low,4.8,6.4,89.1,Yes,Poor,No,High
STU1176,20,Male,1,6.5,17.8,2.44,6.9,8.1,High,3.8,4.7,80.2,No,Good,Yes,Medium
STU1177,17,Male,1,6.7,19.1,2.6,3.7,5.1,Low,7.2,8.7,95.1,No,Average,Yes,Medium
STU1178,21,Female,3,6.9,22.6,2.64,4.4,8.2,Moderate,5.7,3.8,90.9,No,Good,No,Low
STU1179,19,Male,1,7.6,11.1,2.12,6.6,8.9,Low,4.4,8.4,81.5,Yes,Average,No,Medium
STU1180,19,Male,1,6.3,9.6,2.72,7.6,9.5,Moderate,4.5,8.4,85.0,No,Average,Yes,Medium
STU1181,21,Male,1,7.0,15.6,2.3,6.9,8.3,High,5.6,6.6,84.4,No,Average,Yes,Medium
STU1182,24,Female,5,6.8,26.3,2.43,5.8,9.7,Moderate,9.6,6.9,84.5,Yes,Average,No,Medium
STU1183,23,Male,4,5.8,24.3,2.5,5.2,9.5,Moderate,6.6,8.2,78.3,Yes,Average,No,Medium
STU1184,18,Non-binary,2,6.7,17.9,1.91,5.9,9.8,Low,8.6,9.3,68.2,No,Poor,Yes,High
STU1185,19,Male,3,6.6,31.3,2.71,4.1,7.2,High,6.7,7.8,80.7,No,Poor,No,Low
STU1186,23,Female,3,6.6,15.7,2.14,,10.0,Moderate,6.1,5.2,81.9,No,Poor,No,High
STU1187,19,Male,3,6.8,13.0,2.55,5.8,6.8,Moderate,6.6,5.4,80.1,No,Average,Yes,High
STU1188,21,Female,3,6.9,22.3,2.45,6.6,8.8,Moderate,5.3,5.0,,No,Average,No,Low
STU1189,22,Female,3,,19.5,2.79,6.3,8.0,High,,6.0,85.1,No,Poor,Yes,Medium
STU1190,19,Female,2,8.2,19.3,3.07,6.0,6.3,Moderate,7.8,7.7,100.0,Yes,Poor,No,Low
STU1191,21,Female,1,5.5,17.3,2.64,5.6,9.4,Moderate,,8.4,81.9,Yes,Good,Yes,High
STU1192,18,Female,2,6.0,23.1,2.55,4.3,6.0,Moderate,6.0,5.0,86.3,Yes,Average,No,Medium
STU1193,20,Female,4,9.9,18.0,2.78,5.6,9.5,Low,7.3,5.1,84.7,Yes,Good,No,Low
STU1194,22,Female,3,5.7,18.8,2.01,5.8,9.4,Moderate,8.6,7.2,85.1,Yes,Good,No,High
STU1195,17,Female,4,5.3,25.7,2.6,3.1,6.3,Moderate,3.3,4.3,93.1,Yes,Poor,No,Medium
STU1196,22,Male,5,7.6,30.1,2.68,4.8,8.0,Moderate,5.2,5.2,90.3,No,Good,Yes,Low
STU1197,21,Male,1,,23.8,2.74,6.5,8.3,Moderate,2.7,,72.2,Yes,Poor,No,High
STU1198,22,Male,3,6.5,24.8,3.47,6.1,10.8,Low,5.5,8.6,94.3,No,Good,Yes,Low
STU1199,21,Female,3,9.2,20.8,2.92,5.4,8.0,Moderate,2.8,6.5,80.4,No,Average,No,Low
STU1200,24,Male,5,5.1,23.4,1.96,5.7,8.6,High,7.3,6.7,79.6,Yes,Average,Yes,High
STU1201,21,Male,5,4.6,24.7,2.45,5.0,6.7,High,6.7,9.1,89.5,No,Average,No,Medium
STU1202,20,Female,3,5.2,18.6,2.46,6.3,7.7,Low,5.5,4.9,76.9,Yes,Good,Yes,High
STU1203,21,Female,1,7.8,17.6,2.6,7.8,10.9,Moderate,2.6,5.9,93.7,No,Average,Yes,High
STU1204,22,Female,4,8.0,25.0,2.59,6.5,9.3,High,5.2,7.1,83.1,No,Average,No,Low
STU1205,21,Male,1,6.2,9.7,2.3,7.6,9.2,Moderate,4.0,4.7,99.0,No,,No,Medium
STU1206,21,Female,4,7.6,22.3,2.33,5.3,6.1,Moderate,3.4,3.8,84.5,No,Good,No,Low
STU1207,19,Male,5,8.3,30.5,2.71,,6.7,High,8.6,4.9,98.2,No,Poor,Yes,Medium
STU1208,20,Male,2,8.8,19.4,2.89,,8.3,Moderate,8.5,4.2,95.7,No,Average,Yes,Medium
STU1209,18,Male,3,6.5,23.3,2.35,5.4,7.2,Moderate,3.2,6.9,79.8,Yes,Average,No,Low
STU1210,25,Male,2,4.3,19.5,2.55,6.6,8.7,Low,6.8,8.5,76.2,Yes,Average,Yes,High
STU1211,18,Male,2,5.9,24.5,2.24,6.3,10.5,Low,5.2,5.7,84.2,No,Average,Yes,High
STU1212,19,Female,2,6.3,18.9,3.04,6.8,8.0,Low,5.3,8.1,84.2,No,Good,Yes,High
STU1213,19,Male,4,6.5,22.5,2.4,6.0,7.6,High,9.3,5.7,95.5,No,Good,Yes,High
STU1214,23,Female,5,6.6,23.3,2.59,5.5,7.1,Moderate,7.2,4.1,83.8,Yes,Poor,Yes,High
STU1215,20,Female,5,8.0,28.0,3.0,5.7,10.1,Moderate,4.4,5.2,85.9,No,Good,No,Low
STU1216,24,Male,1,8.2,5.2,2.06,6.5,11.4,High,6.6,6.0,72.6,Yes,Good,Yes,Medium
STU1217,20,Female,4,6.6,23.3,2.7,4.8,8.2,Moderate,5.0,4.1,89.1,No,Good,No,Medium
STU1218,22,Male,4,8.0,23.2,2.93,5.7,9.1,Moderate,6.9,9.8,79.4,Yes,Good,Yes,Low
STU1219,19,Female,2,7.2,12.5,2.67,6.9,8.7,Low,6.6,3.5,89.1,Yes,Average,No,High
STU1220,26,Male,1,6.9,11.3,2.56,5.0,9.8,High,7.6,5.5,89.4,No,Poor,No,Medium
STU1221,18,Male,2,7.8,21.2,2.63,6.3,9.1,Low,6.3,8.4,80.5,No,Average,Yes,Medium
STU1222,22,Male,5,6.9,27.9,2.78,6.0,9.5,Low,1.8,5.2,93.4,Yes,Average,Yes,Medium
STU1223,22,Female,3,9.1,21.4,3.48,5.8,8.2,Low,4.1,7.6,89.0,No,Good,Yes,Low
STU1224,22,Female,4,5.2,25.2,2.9,7.9,10.1,Low,5.2,3.7,77.1,Yes,Average,No,High
STU1225,21,Male,2,6.2,18.4,2.21,5.5,10.0,Low,6.0,4.3,94.1,No,Good,No,Medium
STU1226,21,Female,3,6.7,26.0,2.78,5.0,8.1,Moderate,,7.2,80.2,Yes,Average,No,Low
STU1227,21,Female,1,7.3,15.5,2.38,6.1,10.3,Low,,6.5,87.8,No,Poor,No,Low
STU1228,21,Female,2,8.2,12.2,2.4,6.7,9.5,Moderate,6.9,6.2,87.4,No,Poor,Yes,High
STU1229,23,Female,3,6.8,27.5,2.43,4.9,6.4,Low,7.1,5.2,87.3,Yes,Good,No,High
STU1230,26,Female,1,5.2,16.5,2.24,4.9,6.7,Low,4.9,5.3,86.0,Yes,Poor,No,High
STU1231,20,Female,4,7.7,21.6,3.23,5.3,7.9,Moderate,4.7,7.3,82.6,No,Poor,No,Low
STU1232,18,Female,1,7.6,10.0,2.51,6.9,8.6,High,4.8,9.0,96.9,No,Average,No,Low
STU1233,21,Male,3,4.7,22.6,1.76,7.0,8.2,High,,7.6,87.3,No,Good,Yes,High
STU1234,27,Male,2,6.8,17.5,2.87,,12.4,High,3.3,9.5,90.5,Yes,Average,No,Low
STU1235,19,Male,3,5.1,27.3,3.0,6.6,8.4,Moderate,9.4,8.2,78.7,No,Good,No,High
STU1236,25,Female,1,6.1,13.6,2.23,5.9,8.6,Moderate,3.8,7.5,76.5,No,Poor,No,Medium
STU1237,25,Female,1,5.8,11.7,2.47,,9.0,Moderate,6.7,5.6,89.4,Yes,Poor,No,High
STU1238,20,Male,5,7.7,30.6,2.7,4.8,6.6,Moderate,5.8,7.2,72.2,No,Average,No,Low
STU1239,22,Female,2,6.9,21.7,2.49,7.6,11.8,Low,5.4,3.0,87.3,No,Good,No,High
STU1240,25,Female,4,5.4,24.7,3.07,5.4,6.6,Moderate,3.0,3.1,79.1,No,Average,No,Medium
STU1241,20,Male,5,7.8,29.7,2.86,3.7,6.5,Moderate,4.3,8.5,81.1,No,Poor,Yes,Low
STU1242,21,Non-binary,1,5.2,14.8,1.75,6.0,8.8,Moderate,5.6,4.2,70.6,No,Average,No,High
STU1243,20,Male,2,7.2,18.9,2.55,6.9,9.3,Moderate,8.4,7.2,87.0,Yes,Good,No,Medium
STU1244,19,Male,3,5.9,25.7,2.66,6.1,7.0,Low,6.7,9.0,93.8,No,Poor,No,Medium
STU1245,20,Female,5,6.4,29.5,3.19,4.8,8.3,Moderate,6.3,4.8,91.6,No,Poor,No,Medium
STU1246,18,Female,5,7.4,26.3,2.81,6.1,9.5,Low,,8.1,90.1,No,Average,No,Low
STU1247,21,Male,3,7.4,26.4,2.68,3.1,4.8,High,7.7,6.3,87.3,Yes,Poor,No,Low
STU1248,19,Female,4,8.3,14.5,2.83,6.7,10.0,Low,6.0,8.2,91.8,No,Average,Yes,Low
STU1249,22,Female,1,6.7,23.2,2.7,6.5,9.4,Low,8.1,6.7,89.5,No,Poor,No,Medium
STU1250,18,Male,5,7.1,20.2,2.38,,6.1,High,3.9,8.8,65.3,No,Poor,No,Low
STU1251,22,Male,5,,24.5,3.02,4.7,6.2,Moderate,6.0,7.4,,No,Average,No,Medium
STU1252,23,Female,1,7.0,14.8,2.49,4.7,8.6,Low,8.4,3.0,90.5,Yes,Poor,No,High
STU1253,17,Male,2,7.3,17.4,2.53,7.8,10.7,Moderate,6.1,7.0,82.6,No,Poor,No,Medium
STU1254,22,Female,1,6.7,19.0,2.59,5.4,7.2,Low,2.4,5.9,71.7,No,Good,No,Low
STU1255,24,Female,2,4.8,13.8,1.93,6.9,8.4,Low,5.8,2.4,83.3,Yes,Poor,No,High
STU1256,18,Non-binary,4,7.2,25.0,2.6,6.1,8.0,Low,5.3,9.4,87.9,Yes,Average,Yes,Medium
STU1257,25,Male,2,7.2,15.7,2.48,7.9,9.9,Moderate,5.8,5.3,,Yes,Good,Yes,High
STU1258,22,Non-binary,1,6.1,16.2,,6.2,7.7,High,6.5,8.2,85.4,No,Poor,No,Low
STU1259,19,Male,2,5.4,17.7,2.79,5.7,6.1,Moderate,8.7,6.6,94.2,No,Poor,No,High
STU1260,21,Male,5,8.4,27.4,2.98,5.4,9.3,Moderate,5.0,2.0,100.0,No,Average,Yes,Medium
STU1261,22,Male,3,7.3,18.8,2.83,7.4,11.1,Low,6.1,7.5,88.0,Yes,Average,No,Medium
STU1262,21,Male,2,6.5,16.0,2.44,6.2,7.2,Low,6.5,8.9,87.0,No,Average,No,Medium
STU1263,22,Female,1,5.5,16.1,2.68,,8.1,High,7.6,7.7,80.3,Yes,Good,No,Medium
STU1264,19,Female,5,5.9,30.8,2.96,3.4,4.8,Low,4.8,5.4,84.3,No,Poor,No,Medium
STU1265,21,Male,4,8.2,21.6,2.73,4.6,6.8,High,4.7,7.0,85.4,No,Average,No,Low
STU1266,18,Female,2,7.0,14.5,2.42,7.4,9.5,Moderate,3.1,8.6,92.8,Yes,Good,Yes,Low
STU1267,21,Male,1,6.2,17.5,2.17,5.9,7.9,High,7.3,5.9,88.8,No,Poor,Yes,High
STU1268,19,Female,1,7.4,14.9,2.62,5.9,10.8,Low,7.4,6.8,99.2,Yes,Poor,No,High
STU1269,19,Male,1,5.9,18.3,2.45,5.5,7.5,Low,3.6,7.9,74.3,Yes,Average,No,Medium
STU1270,24,Female,3,8.5,17.4,,6.3,7.8,Moderate,6.8,2.8,75.6,No,Good,No,Medium
STU1271,23,Female,5,8.3,19.9,3.01,5.8,7.4,Moderate,7.5,5.3,95.8,Yes,Poor,Yes,Medium
STU1272,22,Female,2,6.3,15.9,2.04,6.1,9.9,Low,6.4,2.8,92.4,No,Average,No,High
STU1273,19,Male,4,6.1,20.9,2.43,7.3,7.8,High,2.2,7.4,84.8,Yes,Poor,No,Low
STU1274,20,Male,2,3.9,17.7,2.61,7.8,9.4,Low,7.5,8.8,54.4,No,Average,No,High
STU1275,24,Female,3,5.2,18.5,2.51,4.5,8.7,Low,3.1,9.0,79.9,Yes,Poor,No,High
STU1276,21,Male,4,5.3,27.0,2.67,5.6,8.4,Moderate,5.4,4.7,88.4,No,Average,Yes,High
STU1277,26,Male,1,6.9,13.8,2.47,5.8,8.5,Moderate,6.5,6.4,78.5,Yes,Average,Yes,High
STU1278,22,Male,2,6.4,18.6,2.56,5.9,11.0,High,6.1,9.2,86.7,No,Good,No,Low
STU1279,21,Female,3,5.3,21.6,2.06,6.1,8.9,Moderate,3.5,6.4,95.6,No,Good,No,Medium
STU1280,20,Female,1,6.5,15.8,2.32,6.2,7.9,Low,5.7,4.4,93.9,No,Good,No,Medium
STU1281,21,Female,2,7.4,17.9,3.04,6.4,8.6,Moderate,6.8,5.2,93.9,No,Poor,No,Low
STU1282,21,Male,3,7.4,23.0,2.51,6.4,7.5,Low,4.5,8.5,84.6,Yes,Poor,Yes,Medium
STU1283,23,Male,5,4.7,23.8,2.45,5.9,9.9,Moderate,7.1,7.5,81.2,Yes,Average,No,Medium
STU1284,23,Female,2,6.7,23.6,2.51,5.0,8.2,Moderate,3.0,4.4,90.4,Yes,Average,No,Medium
STU1285,19,Female,4,5.3,23.1,2.54,5.1,8.9,Low,6.5,8.7,85.4,No,Average,Yes,Medium
STU1286,18,Male,2,7.8,12.8,2.26,5.3,9.3,Moderate,8.6,5.4,84.0,No,Poor,No,Medium
STU1287,17,Female,4,7.7,24.8,2.93,4.7,6.7,Moderate,5.8,6.9,76.7,Yes,Average,No,Low
STU1288,22,Male,3,5.8,17.6,2.49,8.2,9.6,Moderate,3.1,7.6,79.9,No,Poor,No,Medium
STU1289,19,Female,4,6.0,26.7,2.95,4.5,6.9,Moderate,7.6,8.5,93.0,No,Average,Yes,High
STU1290,17,Male,2,6.3,26.8,2.43,4.1,5.6,Low,5.5,7.2,76.9,Yes,Poor,No,Medium
STU1291,22,Female,3,4.3,17.9,2.24,6.5,9.2,Low,8.8,2.8,85.3,No,Good,No,High
STU1292,26,Female,3,7.2,22.3,2.61,5.7,9.6,Low,5.3,2.3,88.5,No,Poor,Yes,High
STU1293,21,Female,2,6.5,11.0,2.42,6.7,9.0,Low,4.8,8.4,87.8,No,Good,No,Medium
STU1294,23,Male,1,7.9,16.8,2.32,7.7,10.4,Moderate,,6.9,87.8,No,Good,Yes,High
STU1295,21,Female,1,5.6,11.5,2.51,7.4,9.8,High,7.2,8.8,89.5,Yes,Good,No,Medium
STU1296,21,Male,1,6.1,12.5,2.66,6.2,9.7,Moderate,,7.1,81.6,No,Good,No,Medium
STU1297,23,Male,4,5.1,19.6,2.15,5.6,7.3,Moderate,4.1,8.4,72.6,No,Poor,No,High
STU1298,20,Female,1,5.7,17.9,2.29,5.7,5.6,Moderate,5.2,2.9,77.6,No,Average,Yes,High
STU1299,22,Non-binary,1,5.5,19.0,2.3,7.0,10.1,Low,7.4,7.9,88.9,No,Good,Yes,High
STU1300,22,Female,4,7.9,24.1,3.57,5.3,9.0,High,3.5,7.4,83.0,No,Poor,No,Low
STU1301,20,Female,2,6.0,14.5,2.23,4.8,7.8,High,9.1,7.2,76.1,Yes,Average,No,Medium
STU1302,23,Male,3,6.9,27.4,3.31,5.2,6.9,Moderate,5.3,8.7,82.5,No,Average,No,Low
STU1303,21,Male,1,6.4,12.0,1.93,5.3,6.4,Low,5.1,6.1,68.7,No,Average,Yes,High
STU1304,19,Male,5,5.4,18.4,2.13,8.3,11.4,Moderate,6.2,,74.8,Yes,Good,Yes,High
STU1305,22,Female,4,6.6,25.8,2.53,4.5,7.2,Low,4.8,5.3,92.2,Yes,Average,No,Medium
STU1306,19,Female,4,7.5,19.6,2.36,5.9,8.2,Moderate,8.2,5.1,79.1,Yes,Poor,No,High
STU1307,21,Female,2,5.5,22.0,2.46,6.1,10.8,High,7.6,7.5,72.5,Yes,Good,Yes,High
STU1308,21,Male,4,7.7,22.5,2.5,5.5,6.9,Low,4.3,,81.4,No,Poor,Yes,Low
STU1309,23,Male,1,5.9,17.4,2.19,6.0,10.6,High,5.9,8.9,86.7,Yes,Good,Yes,Medium
STU1310,22,Female,1,6.3,20.6,2.91,6.4,8.9,High,6.9,4.7,74.6,Yes,Good,Yes,Medium
STU1311,21,Male,1,7.4,10.2,2.69,8.5,8.8,High,6.7,7.8,92.8,No,Good,Yes,Medium
STU1312,23,Female,3,6.1,18.7,2.77,6.9,9.2,Moderate,5.6,4.8,76.5,Yes,Average,No,Medium
STU1313,24,Female,2,6.8,17.7,2.66,7.7,11.4,Low,2.7,5.5,83.2,Yes,Average,No,High
STU1314,22,Female,3,6.5,27.2,2.8,4.2,6.3,Moderate,5.7,7.2,83.9,No,Average,Yes,Medium
STU1315,21,Male,1,6.9,12.4,2.21,7.1,7.8,Moderate,8.9,8.8,79.3,No,Average,No,Medium
STU1316,18,Male,2,4.2,15.6,1.98,6.6,8.9,Low,6.5,7.0,81.4,Yes,Poor,No,High
STU1317,19,Male,3,4.8,22.9,,6.1,7.6,Moderate,6.0,7.6,91.2,No,Poor,No,High
STU1318,20,Male,2,7.5,15.7,2.14,7.8,10.9,Moderate,5.7,6.8,82.6,Yes,Average,No,Medium
STU1319,20,Male,4,7.9,24.6,2.49,5.3,8.7,Low,5.0,7.8,80.7,Yes,Average,No,Low
STU1320,21,Female,1,5.8,8.8,,6.7,7.9,Low,6.7,7.2,88.3,No,Average,No,High
STU1321,21,Female,4,6.5,32.9,3.51,5.2,6.9,Low,7.5,6.7,92.5,Yes,Average,No,Medium
STU1322,22,Male,3,7.1,15.6,2.58,4.7,8.1,Moderate,3.1,5.5,80.8,No,Good,No,Low
STU1323,21,Male,1,7.6,13.7,2.77,,7.9,Moderate,4.9,9.6,86.9,No,Average,Yes,Low
STU1324,22,Male,1,,14.9,2.2,6.4,7.6,Low,3.8,5.5,77.9,Yes,Poor,No,High
STU1325,21,Male,3,5.8,28.7,2.37,4.2,5.3,High,4.4,7.2,78.2,Yes,Average,No,Low
STU1326,17,Female,4,6.4,18.7,2.69,7.2,10.1,Low,8.6,9.0,91.8,Yes,Poor,Yes,High
STU1327,19,Male,2,7.6,25.9,2.98,4.3,7.2,Moderate,7.9,3.6,91.0,Yes,Average,No,Medium
STU1328,21,Male,2,9.5,21.0,2.82,5.8,7.5,Moderate,7.3,5.0,92.3,No,Poor,No,Low
STU1329,18,Male,4,6.5,25.7,2.65,5.7,8.2,Moderate,5.8,6.6,90.3,No,Good,No,Low
STU1330,22,Female,3,5.3,17.1,2.67,7.6,11.9,Low,3.5,7.5,79.8,Yes,Poor,No,High
STU1331,24,Female,2,7.2,20.3,2.32,6.0,7.3,High,4.7,5.8,90.9,No,Poor,No,Medium
STU1332,24,Male,2,8.3,15.1,2.3,7.4,7.6,High,7.9,7.5,81.7,Yes,Good,No,Low
STU1333,21,Female,1,6.9,20.1,2.28,6.7,9.7,Moderate,4.6,7.7,90.2,Yes,Poor,Yes,High
STU1334,24,Female,3,5.8,17.1,2.44,6.4,8.8,Moderate,2.5,8.2,83.8,Yes,Average,No,Low
STU1335,21,Non-binary,2,7.9,17.5,2.25,5.2,6.8,Low,4.7,3.6,85.7,No,Good,No,Low
STU1336,20,Male,5,7.5,24.8,2.56,4.1,7.4,Moderate,4.2,5.9,87.8,Yes,Average,Yes,Low
STU1337,20,Female,2,5.7,14.0,2.11,6.7,10.2,Moderate,5.1,5.0,88.4,No,Average,No,Medium
STU1338,20,Female,2,7.2,21.0,2.56,5.4,5.3,Moderate,3.5,8.5,73.9,Yes,,Yes,Low
STU1339,20,Female,3,7.9,23.1,2.3,6.6,8.3,Moderate,,7.8,72.8,No,Poor,No,Low
STU1340,21,Female,5,8.1,31.8,3.05,5.6,10.9,Moderate,6.0,8.6,93.0,Yes,Average,No,Low
STU1341,21,Female,4,6.7,16.9,2.85,6.1,9.3,Low,6.5,5.6,89.6,Yes,Average,No,Medium
STU1342,21,Male,2,6.4,22.3,2.66,,7.9,Low,7.5,4.9,80.5,No,Poor,No,Medium
STU1343,22,Female,3,8.2,31.0,3.47,5.4,9.3,Low,5.1,6.8,93.4,No,Poor,No,Low
STU1344,24,Female,3,,19.2,2.86,5.1,7.6,Low,5.5,8.5,77.3,Yes,Average,No,Medium
STU1345,23,Female,2,7.3,25.6,3.01,4.7,8.2,Moderate,9.0,4.5,100.0,No,Good,No,Medium
STU1346,18,Male,1,5.3,13.9,2.31,5.6,9.0,Moderate,7.5,8.1,93.0,No,Good,Yes,High
STU1347,17,Female,2,8.0,12.5,2.44,6.6,9.7,Moderate,6.0,7.6,89.0,No,Average,Yes,Medium
STU1348,23,Female,1,6.5,13.8,2.6,7.8,9.9,Moderate,7.6,7.2,86.1,No,Average,No,Medium
STU1349,18,Male,5,8.2,31.2,2.89,4.9,7.6,Moderate,5.6,5.7,83.0,No,,Yes,Medium
STU1350,21,Female,2,7.3,14.6,1.88,6.1,7.9,Low,6.7,7.0,72.1,No,Good,Yes,High
STU1351,18,Female,5,5.5,24.6,2.77,4.0,6.5,Moderate,5.7,8.4,85.8,Yes,Poor,Yes,High
STU1352,17,Female,3,8.4,23.4,,6.2,7.3,Low,4.0,9.2,78.7,No,Poor,No,Low
STU1353,22,Male,3,8.5,21.0,2.44,5.1,6.7,Moderate,6.6,5.7,79.0,No,Average,No,Low
STU1354,23,Male,3,7.8,23.3,2.75,5.8,8.0,Low,9.5,8.6,76.6,No,Average,No,Medium
STU1355,20,Female,1,6.0,16.0,2.37,6.0,7.4,Low,8.4,5.6,86.0,Yes,Average,No,High
STU1356,17,Male,2,6.5,19.9,2.13,6.8,8.7,Moderate,4.2,5.3,80.1,No,Average,No,Medium
STU1357,20,Female,1,7.0,13.3,2.44,6.5,8.8,High,3.8,6.3,88.4,No,Poor,No,Low
STU1358,22,Female,3,6.0,21.9,2.87,5.8,8.8,Moderate,3.9,5.9,90.4,No,Poor,No,Medium
STU1359,18,Female,2,8.7,14.3,2.2,7.1,10.7,Moderate,3.9,9.2,84.8,No,Good,No,Low
STU1360,21,Male,4,7.0,29.2,3.25,7.2,9.1,Moderate,4.2,5.8,100.0,No,,Yes,Low
STU1361,21,Female,1,3.8,12.5,1.67,7.6,11.7,Moderate,6.3,4.9,85.8,No,Poor,No,High
STU1362,22,Male,1,7.2,19.5,3.22,6.0,9.6,Moderate,3.9,8.8,80.5,Yes,Average,Yes,Low
STU1363,21,Male,2,6.4,17.1,2.34,6.3,9.4,High,2.2,3.9,87.3,Yes,Average,No,Medium
STU1364,19,Male,5,6.7,27.8,2.85,4.7,7.4,Low,5.0,9.3,86.7,Yes,Average,Yes,Low
STU1365,24,Male,3,6.4,19.0,1.95,5.2,8.1,Low,5.8,3.2,72.3,Yes,Average,Yes,High
STU1366,21,Non-binary,2,7.7,13.9,2.44,6.1,10.0,Low,6.3,7.5,74.7,Yes,Good,No,Low
STU1367,21,Non-binary,3,8.0,14.0,2.55,5.8,9.8,Moderate,8.5,7.9,88.5,Yes,Poor,Yes,Medium
STU1368,19,Male,1,7.1,10.8,2.3,7.6,11.7,High,8.7,6.4,88.7,No,Average,No,High
STU1369,20,Female,5,6.4,25.7,2.55,4.4,6.9,Low,4.0,8.9,78.0,No,Average,Yes,Medium
STU1370,19,Male,3,6.8,21.8,2.35,,10.4,Moderate,5.4,5.1,90.9,No,Poor,Yes,High
STU1371,21,Female,2,6.8,22.0,2.98,6.6,10.7,High,3.8,8.2,89.9,No,Average,No,Low
STU1372,25,Female,3,5.9,19.2,2.5,6.1,7.9,Moderate,2.3,5.5,93.4,No,,No,Medium
STU1373,18,Female,1,7.4,11.5,2.83,6.9,9.0,Moderate,7.0,2.7,94.6,Yes,Average,Yes,High
STU1374,17,Male,5,,21.2,2.49,5.3,7.8,High,4.1,3.4,83.8,No,Good,No,Low
STU1375,24,Female,1,8.5,16.9,2.47,,10.2,Moderate,5.3,9.5,96.3,Yes,Average,No,Low
STU1376,21,Male,3,8.2,26.5,3.11,6.4,10.0,Moderate,6.2,5.3,80.8,No,Good,No,Low
STU1377,20,Non-binary,1,6.0,20.1,2.04,5.3,7.5,Low,4.1,4.4,99.0,No,Good,Yes,High
STU1378,23,Male,3,,23.8,2.39,4.1,4.8,Low,7.9,7.9,78.2,Yes,Average,No,Medium
STU1379,20,Female,4,5.8,26.6,3.03,6.0,8.8,Moderate,4.0,8.0,87.8,No,Average,No,Low
STU1380,25,Female,3,7.6,27.8,2.51,5.5,6.9,Moderate,3.6,6.8,81.1,Yes,Average,Yes,Low
STU1381,22,Female,3,6.2,22.3,2.06,4.6,5.3,High,3.6,8.9,79.7,Yes,Average,No,Low
STU1382,20,Male,4,5.7,26.6,3.26,4.6,5.6,High,7.5,5.1,100.0,Yes,Average,Yes,High
STU1383,26,Female,1,7.1,13.7,1.99,5.8,8.7,High,7.9,8.8,78.7,No,Poor,No,High
STU1384,20,Male,2,3.9,12.6,2.21,6.0,10.1,Low,7.6,4.3,89.2,Yes,Good,No,High
STU1385,23,Female,1,4.9,12.3,2.23,6.4,8.9,High,4.4,7.2,81.7,No,Average,No,Medium
STU1386,22,Male,5,6.6,27.0,1.93,5.0,7.8,Moderate,3.0,3.4,88.1,No,Average,No,Medium
STU1387,24,Male,2,,18.2,2.45,5.5,9.4,Moderate,3.8,7.8,80.9,No,Poor,No,Medium
STU1388,24,Female,4,6.4,31.7,3.03,4.1,4.7,Moderate,5.6,,90.0,Yes,Average,Yes,High
STU1389,21,Male,3,5.1,21.3,2.6,5.6,8.7,Low,2.4,1.9,90.0,Yes,Good,Yes,High
STU1390,19,Male,1,5.9,19.7,2.78,6.2,8.7,Low,5.6,4.2,81.6,Yes,Good,Yes,High
STU1391,22,Male,1,7.2,13.3,2.29,6.4,9.6,High,8.3,,100.0,No,Average,No,Low
STU1392,20,Male,2,7.4,16.8,2.74,7.5,9.4,Moderate,3.2,7.3,91.2,No,Average,No,Medium
STU1393,25,Female,2,6.8,12.7,2.15,7.2,8.7,Moderate,9.6,9.1,81.3,No,Average,Yes,High
STU1394,21,Female,1,8.1,12.0,2.0,5.2,7.9,Moderate,7.2,4.3,77.1,Yes,Poor,Yes,High
STU1395,20,Male,1,7.2,17.1,2.13,6.8,11.3,High,6.4,5.8,83.4,Yes,Average,No,Low
STU1396,21,Male,4,6.0,24.0,2.2,6.2,9.7,Moderate,7.7,5.0,74.7,No,Average,No,High
STU1397,18,Male,5,6.5,30.8,3.18,4.5,6.4,Moderate,8.1,5.7,100.0,No,Good,Yes,Low
STU1398,19,Male,2,5.3,18.7,1.98,4.6,5.5,Low,7.3,8.0,,No,Average,No,High
STU1399,24,Female,2,6.7,16.6,2.55,6.3,6.8,Low,8.2,7.7,84.7,No,Average,No,High
STU1400,20,Female,1,8.0,23.6,2.69,5.6,9.7,High,3.8,8.9,93.5,No,,No,Low
STU1401,19,Male,3,7.6,20.6,2.62,4.8,6.2,Moderate,3.4,6.9,80.7,Yes,Average,Yes,Medium
STU1402,22,Male,4,8.3,28.7,,3.7,5.8,Moderate,5.0,9.3,,Yes,Poor,No,Low
STU1403,24,Male,1,6.5,13.4,2.23,6.6,10.7,Moderate,3.8,7.9,82.5,Yes,Average,No,Medium
STU1404,23,Female,1,8.3,17.8,2.8,6.0,6.6,High,8.1,6.2,87.7,No,Average,No,Low
STU1405,23,Non-binary,4,6.6,27.7,2.8,4.8,9.1,Moderate,4.8,3.7,90.5,Yes,Average,Yes,High
STU1406,19,Male,3,8.4,21.8,2.7,5.7,7.9,Moderate,6.4,8.4,75.9,No,Poor,No,Low
STU1407,18,Male,1,6.8,5.6,2.83,6.3,7.4,Moderate,7.3,3.9,83.8,No,Average,Yes,High
STU1408,24,Female,3,7.6,21.1,2.23,5.5,7.7,Low,7.8,6.4,61.8,No,Good,No,Medium
STU1409,20,Female,2,8.4,22.9,3.16,6.2,7.8,High,6.9,8.7,80.7,No,Average,No,Low
STU1410,20,Male,2,6.6,20.1,2.76,5.6,8.6,High,,5.2,91.6,Yes,Poor,No,Low
STU1411,24,Male,4,7.0,25.8,2.62,3.7,5.4,High,6.2,7.3,92.4,Yes,Average,Yes,Medium
STU1412,22,Male,4,8.2,17.1,3.08,5.8,6.0,High,8.6,6.6,80.5,No,Average,No,Low
STU1413,22,Female,2,6.7,15.1,1.87,5.4,7.6,High,6.8,5.0,78.9,No,Average,No,Medium
STU1414,26,Male,5,5.3,28.6,2.57,5.4,6.3,Moderate,2.2,7.5,85.6,No,Average,No,Low
STU1415,20,Male,2,9.2,19.6,2.37,6.4,9.1,High,7.8,8.3,91.8,Yes,Average,Yes,Low
STU1416,23,Female,4,6.3,28.9,2.93,3.5,4.6,Moderate,,2.4,98.3,Yes,Good,No,Low
STU1417,21,Male,2,7.0,17.4,2.18,7.0,8.9,Low,8.8,4.4,84.2,No,Average,No,High
STU1418,22,Female,4,8.1,25.6,2.96,4.3,7.0,Moderate,5.8,7.9,85.9,No,Average,Yes,Low
STU1419,24,Male,5,6.1,27.1,2.68,6.8,9.0,High,5.8,5.1,76.0,Yes,Good,No,Medium
STU1420,22,Male,1,5.7,11.1,2.09,6.8,9.6,Moderate,5.8,2.8,83.3,No,Poor,No,High
STU1421,22,Female,5,7.1,18.0,2.65,5.0,8.3,High,,7.0,100.0,No,Poor,No,Medium
STU1422,23,Male,4,4.8,25.7,2.53,4.3,5.4,Low,7.1,7.1,94.2,No,Good,No,Medium
STU1423,20,Non-binary,4,6.5,24.7,2.37,5.9,8.3,Low,7.0,4.8,85.4,No,Poor,No,Medium
STU1424,19,Female,1,7.1,12.5,3.21,6.4,4.9,Moderate,9.9,4.3,91.4,No,Poor,No,High
STU1425,19,Male,4,6.5,17.5,2.33,6.2,9.0,Low,7.7,6.6,79.2,Yes,Average,No,High
STU1426,17,Female,4,5.1,26.5,1.99,7.0,9.1,Low,,6.7,79.4,No,Poor,Yes,High
STU1427,26,Male,2,8.6,16.9,2.36,5.6,6.9,Low,7.0,3.5,85.2,Yes,Average,No,High
STU1428,19,Female,5,6.9,29.2,2.48,5.1,8.0,High,6.7,8.2,85.9,Yes,Average,No,Medium
STU1429,21,Male,1,8.4,22.5,3.01,7.2,11.1,Low,6.0,6.5,95.1,Yes,Average,No,Low
STU1430,20,Female,1,6.5,6.4,2.24,7.6,9.5,Low,,5.1,90.2,No,Poor,Yes,High
STU1431,22,Male,3,5.8,18.2,2.57,4.6,6.0,Low,6.8,8.7,89.1,No,Good,No,Medium
STU1432,23,Male,3,7.1,20.2,2.49,6.5,9.2,Moderate,3.2,8.6,77.9,No,Poor,No,Low
STU1433,23,Female,3,6.6,26.8,2.68,4.2,5.1,Moderate,3.6,7.3,79.4,No,Average,No,Low
STU1434,20,Female,1,5.5,8.5,2.03,8.6,10.3,Moderate,3.5,3.5,76.0,No,Good,Yes,High
STU1435,21,Male,5,8.4,34.7,3.1,3.7,7.7,Moderate,7.4,8.8,90.2,Yes,Average,No,Low
STU1436,22,Male,1,6.1,15.5,2.64,9.4,12.0,Low,7.2,9.4,71.7,No,Poor,Yes,High
STU1437,20,Female,1,4.8,14.6,2.37,8.0,8.2,Moderate,7.6,8.4,84.2,No,Poor,Yes,High
STU1438,25,Female,1,8.3,14.2,2.66,5.8,6.1,High,4.9,7.1,95.8,No,Good,No,Low
STU1439,22,Male,3,6.2,19.3,2.66,6.1,8.8,Low,8.2,5.5,90.6,Yes,Good,No,High
STU1440,23,Female,5,6.1,31.2,3.13,5.6,9.1,Moderate,4.6,6.4,86.3,No,Good,No,Low
STU1441,22,Male,3,4.9,16.7,2.43,,7.7,Low,3.1,3.5,79.7,Yes,Average,No,High
STU1442,24,Female,4,8.7,25.4,2.98,5.9,8.9,Low,5.8,7.4,93.5,Yes,Average,No,Low
STU1443,21,Male,1,5.4,13.5,2.64,7.9,12.0,Moderate,6.0,,88.0,No,Poor,No,Medium
STU1444,18,Male,3,6.9,18.0,2.32,6.1,10.9,Moderate,6.8,5.8,82.2,Yes,Good,No,Low
STU1445,22,Female,2,7.8,28.3,2.64,4.8,7.7,Low,6.2,7.0,81.7,No,Average,No,Medium
STU1446,20,Male,2,7.3,19.7,2.25,5.7,8.8,Low,4.8,7.0,84.0,No,,No,Medium
STU1447,20,Female,1,6.7,17.5,2.55,7.1,7.0,High,6.4,7.7,83.2,Yes,Average,Yes,High
STU1448,22,Male,3,4.9,25.6,2.05,5.8,10.8,High,7.2,5.3,87.8,No,Poor,No,High
STU1449,24,Male,3,5.9,15.3,2.51,6.8,8.6,High,5.7,2.2,93.7,No,Average,No,Medium
STU1450,21,Male,4,7.0,31.0,2.89,5.7,7.1,Moderate,4.3,7.2,77.8,Yes,Average,No,Low
STU1451,22,Female,2,5.9,8.0,2.49,5.1,7.3,Moderate,4.9,7.0,76.4,No,Poor,No,Medium
STU1452,25,Male,1,7.0,11.9,2.15,7.1,11.4,Moderate,8.0,7.3,92.3,No,Poor,Yes,High
STU1453,22,Female,3,7.5,19.2,2.54,6.3,11.4,Low,2.6,2.9,86.4,No,Average,No,Medium
STU1454,27,Female,1,7.9,17.3,2.91,7.9,10.6,Moderate,6.3,8.5,79.5,No,Average,No,Low
STU1455,22,Female,4,5.5,24.9,3.05,4.0,7.7,Moderate,5.0,8.3,95.2,Yes,Poor,Yes,High
STU1456,17,Male,3,9.2,20.3,2.55,7.5,10.1,Low,3.6,6.7,87.7,No,Poor,Yes,Low
STU1457,23,Male,1,7.6,15.0,2.54,6.6,7.9,High,5.0,5.5,100.0,No,Good,No,Low
STU1458,22,Male,5,6.8,23.1,2.76,6.2,10.5,Low,6.1,7.1,84.9,Yes,Poor,Yes,High
STU1459,24,Male,3,8.0,15.0,2.62,8.2,10.0,Moderate,6.9,7.1,93.5,Yes,Poor,No,Low
STU1460,22,Male,1,9.4,17.9,2.62,6.8,11.1,Low,3.9,1.7,75.6,Yes,Average,No,Low
STU1461,21,Female,3,5.2,23.8,2.96,6.0,10.1,Moderate,8.1,7.5,97.5,Yes,Poor,No,Medium
STU1462,18,Male,2,6.6,24.3,2.12,5.8,9.0,Low,3.5,3.9,89.3,Yes,Average,No,Medium
STU1463,21,Male,4,4.2,20.8,2.29,5.4,10.1,Low,2.8,6.3,95.0,Yes,Good,No,Medium
STU1464,19,Male,4,7.0,26.8,2.93,5.3,10.5,Moderate,3.3,7.1,95.4,Yes,Average,No,Low
STU1465,20,Female,5,7.2,25.9,2.92,4.7,7.0,Moderate,9.5,8.6,86.8,Yes,Good,Yes,Medium
STU1466,22,Male,3,6.8,25.8,3.16,5.4,6.9,Moderate,3.5,4.2,80.8,No,Good,No,Low
STU1467,25,Female,2,6.1,22.1,2.95,3.5,3.8,Low,4.2,5.2,83.5,No,Poor,No,Medium
STU1468,22,Male,4,4.5,24.8,,5.9,11.1,Moderate,3.9,6.2,72.5,No,Average,No,High
STU1469,18,Female,1,7.2,13.6,,6.5,8.5,Moderate,6.4,7.7,80.4,Yes,Average,No,Medium
STU1470,22,Female,3,8.4,24.8,2.62,5.2,9.1,Low,6.2,8.8,88.7,No,Average,No,Low
STU1471,24,Male,3,,23.6,2.91,5.9,7.5,High,4.5,3.8,87.1,No,Average,No,Medium
STU1472,20,Male,1,7.3,12.3,2.92,5.3,9.6,Moderate,2.2,8.4,86.0,No,Average,No,Low
STU1473,21,Male,2,5.1,12.7,2.6,8.7,10.4,Low,8.5,3.2,80.0,No,Average,No,High
STU1474,21,Male,4,7.3,22.8,2.73,5.6,6.7,High,7.9,6.5,,No,Poor,No,Medium
STU1475,19,Female,4,6.4,30.1,2.75,4.8,7.0,High,7.7,6.1,87.8,Yes,Poor,No,Medium
STU1476,22,Female,1,6.0,19.6,2.05,5.1,7.0,High,3.8,6.5,85.0,Yes,Average,No,Medium
STU1477,21,Female,1,6.0,10.6,2.33,7.0,10.2,Moderate,3.4,5.5,77.0,No,Poor,No,High
STU1478,22,Female,2,,13.3,2.01,8.1,10.5,Moderate,7.4,5.2,78.3,Yes,Good,No,High
STU1479,19,Male,4,7.2,29.1,2.64,6.1,9.4,Low,4.4,2.6,96.6,No,Average,No,Medium
STU1480,20,Male,1,5.4,10.5,1.84,7.8,10.0,Moderate,4.1,5.9,89.2,No,Average,No,High
STU1481,23,Female,3,6.4,23.0,2.5,6.2,7.9,High,4.2,4.0,74.6,No,Average,Yes,High
STU1482,20,Male,1,6.8,12.5,2.34,6.4,8.2,Moderate,7.3,6.7,83.4,No,Good,Yes,Medium
STU1483,25,Female,3,5.6,27.5,2.8,3.8,8.8,High,4.6,6.5,97.0,No,Good,No,Low
STU1484,20,Male,2,8.8,14.9,2.38,6.3,9.1,Low,4.2,7.4,82.8,Yes,Good,No,Low
STU1485,21,Male,4,5.9,28.6,3.09,4.9,5.0,Moderate,5.8,8.0,86.7,Yes,Average,No,Medium
STU1486,23,Non-binary,1,6.1,15.7,2.34,7.5,9.4,High,,8.1,,No,Poor,No,Medium
STU1487,18,Male,3,5.7,22.0,2.32,6.1,8.7,Moderate,5.4,7.2,90.8,No,Average,No,Medium
STU1488,17,Non-binary,1,8.8,7.1,2.4,8.9,13.6,High,4.9,8.9,90.9,No,Average,No,Low
STU1489,18,Non-binary,3,7.4,12.2,2.97,8.0,11.7,Moderate,7.2,7.4,86.0,Yes,Good,No,Medium
STU1490,24,Female,4,5.8,23.1,2.7,5.2,6.6,Moderate,8.2,6.5,90.8,Yes,Average,No,High
STU1491,20,Female,1,8.0,16.0,2.43,4.6,10.0,Moderate,6.4,4.8,95.0,Yes,Average,No,Low
STU1492,27,Female,4,7.0,19.5,2.12,7.4,9.9,High,3.5,6.8,82.4,Yes,Good,No,Low
STU1493,20,Female,3,7.1,16.6,2.43,7.7,11.7,Moderate,5.0,6.3,81.8,No,Average,No,Low
STU1494,21,Male,1,6.4,17.2,2.53,4.9,6.0,Low,7.1,9.0,93.8,Yes,Average,Yes,Medium
STU1495,24,Female,2,6.0,20.3,2.41,7.5,7.1,Moderate,3.1,9.2,98.8,No,Poor,No,Medium
STU1496,25,Female,1,7.2,14.4,1.94,6.9,7.7,Moderate,4.3,5.4,96.4,No,Poor,No,Medium
STU1497,26,Male,3,6.2,24.1,2.4,5.8,4.4,Low,7.0,6.3,81.8,Yes,Average,No,High
STU1498,24,Male,4,8.8,19.3,3.13,7.7,12.7,Moderate,,6.7,86.9,No,Good,No,Low
STU1499,23,Male,1,5.4,13.6,2.72,8.0,10.8,Low,5.5,6.0,79.1,No,Average,No,High
STU1500,22,Female,3,8.5,27.6,2.66,5.9,7.3,Moderate,8.9,6.2,86.8,Yes,Average,No,Low
STU1501,23,Female,4,6.7,24.3,2.9,6.0,9.0,High,4.4,6.8,79.9,No,,No,Low
STU1502,20,Male,5,7.1,27.5,2.47,5.9,8.6,Moderate,9.6,5.1,81.1,Yes,Average,No,High
STU1503,19,Female,3,7.7,30.2,3.37,4.6,7.8,High,6.1,8.6,95.1,No,Poor,No,Low
STU1504,21,Female,5,6.1,21.4,2.64,5.8,9.8,Low,8.8,5.1,88.6,No,Good,No,Medium
STU1505,21,Female,3,7.8,24.2,3.06,4.7,6.9,High,7.3,,75.7,No,Average,No,Low
STU1506,20,Female,2,3.8,24.7,1.99,5.2,6.6,Low,4.0,7.6,92.9,No,Average,No,High
STU1507,23,Female,4,6.0,22.7,2.8,5.4,8.9,Low,8.4,9.6,79.2,No,Poor,Yes,High
STU1508,23,Male,2,5.8,21.4,2.55,5.2,8.7,High,7.0,8.0,,No,Average,No,Medium
STU1509,21,Female,2,5.4,14.1,,6.7,9.3,Moderate,6.2,4.8,76.7,Yes,Poor,No,High
STU1510,24,Male,2,6.6,15.3,2.7,6.1,11.2,Low,7.3,7.7,81.6,No,Average,No,Medium
STU1511,18,Female,4,7.2,25.5,2.79,6.0,8.0,High,4.7,6.7,80.5,No,Average,No,Low
STU1512,21,Non-binary,4,7.6,27.2,2.67,3.7,5.1,Moderate,7.0,6.7,79.9,No,Average,Yes,Medium
STU1513,19,Male,2,7.1,22.5,2.91,5.6,8.6,High,,1.9,70.2,Yes,Poor,No,Medium
STU1514,17,Male,2,6.1,24.3,2.64,5.7,7.4,Moderate,3.7,4.9,86.7,No,Good,No,Low
STU1515,21,Female,2,7.2,17.7,2.27,5.9,9.0,Moderate,7.7,,85.2,No,,Yes,High
STU1516,21,Male,3,6.9,25.8,2.48,5.2,6.7,Moderate,4.3,7.0,100.0,No,Average,No,Low
STU1517,24,Female,1,7.8,13.6,2.01,5.1,7.1,Low,3.0,7.7,85.5,No,Average,No,Low
STU1518,22,Male,4,7.7,27.6,2.71,5.6,10.4,Moderate,6.5,4.5,82.8,Yes,Average,No,Medium
STU1519,19,Male,2,6.8,18.8,2.87,6.8,8.8,Moderate,1.8,6.5,78.8,Yes,Average,Yes,Low
STU1520,25,Non-binary,2,5.8,19.8,2.55,6.5,8.0,Low,9.3,8.1,84.6,Yes,Good,No,Medium
STU1521,24,Female,1,6.1,16.7,2.27,7.4,11.3,Low,4.7,9.7,86.8,Yes,Good,No,Low
STU1522,22,Female,1,6.2,8.6,2.43,7.3,8.5,Low,5.2,6.1,81.1,No,Average,No,High
STU1523,21,Male,5,6.5,22.5,2.38,,7.9,High,6.5,8.8,84.7,No,Average,No,Medium
STU1524,19,Female,2,7.1,18.4,2.58,6.3,9.5,Moderate,5.6,5.5,98.8,Yes,Poor,Yes,Medium
STU1525,20,Female,1,7.6,8.3,2.23,7.9,11.5,Moderate,5.6,1.9,80.7,No,Poor,No,High
STU1526,23,Female,2,6.7,21.3,2.84,4.3,8.3,High,7.6,5.7,73.8,Yes,Average,No,Medium
STU1527,25,Female,2,6.8,21.5,2.15,5.0,6.6,Moderate,2.7,8.3,89.0,Yes,Good,No,Low
STU1528,24,Female,1,7.0,16.3,2.22,8.0,11.2,High,7.3,6.6,85.5,Yes,Average,Yes,High
STU1529,20,Male,2,6.2,13.5,1.85,4.2,6.1,Low,3.7,6.6,69.1,No,Average,Yes,Medium
STU1530,19,Male,3,5.8,26.5,2.62,5.2,7.0,Low,7.3,6.9,88.7,Yes,Poor,No,High
STU1531,21,Female,3,4.9,29.1,3.08,6.3,10.2,Moderate,9.0,6.0,81.5,Yes,Average,Yes,High
STU1532,17,Male,2,,18.6,2.33,6.0,7.8,Moderate,,8.7,87.1,No,Average,No,Medium
STU1533,22,Female,2,7.3,20.0,2.46,5.6,8.4,High,4.5,4.3,98.1,Yes,Good,No,Medium
STU1534,21,Male,5,6.0,27.8,3.02,5.3,8.0,Moderate,2.3,7.6,86.9,No,Poor,No,Low
STU1535,20,Female,2,6.5,20.1,2.88,5.6,6.8,Low,5.6,9.5,94.9,Yes,Average,Yes,Medium
STU1536,17,Female,2,7.3,17.5,2.51,6.3,10.0,Moderate,3.2,6.8,76.5,No,Good,No,Low
STU1537,22,Male,1,7.4,14.9,2.67,5.8,9.0,Moderate,6.5,7.8,75.4,No,Good,No,Low
STU1538,20,Male,2,5.6,21.6,2.22,6.9,7.0,Low,3.5,5.8,97.4,No,Good,Yes,High
STU1539,18,Male,4,7.9,33.4,3.47,6.1,8.9,Moderate,3.4,7.9,93.0,No,Average,No,Low
STU1540,17,Female,1,8.0,9.4,2.99,6.9,8.5,High,3.9,8.4,92.4,No,Good,No,Low
STU1541,21,Female,3,5.6,20.6,2.67,4.6,8.4,High,4.4,9.5,94.1,No,Good,No,Low
STU1542,25,Male,1,5.9,10.3,1.6,6.4,7.2,Moderate,2.6,3.7,75.9,No,Good,No,High
STU1543,25,Female,2,8.1,24.4,2.63,5.4,7.5,Moderate,2.9,7.2,91.6,No,Good,No,Low
STU1544,20,Male,4,6.6,21.6,2.79,6.3,9.2,Low,7.1,4.8,91.5,No,Good,No,High
STU1545,20,Female,2,4.4,12.2,2.05,5.8,8.4,Moderate,5.4,8.4,73.2,No,Poor,No,High
STU1546,22,Female,3,5.3,23.6,2.96,4.9,8.3,Moderate,5.6,8.5,98.4,Yes,Poor,No,Medium
STU1547,19,Male,1,6.5,22.0,2.79,6.3,7.0,Moderate,6.6,7.8,95.9,No,Average,No,Medium
STU1548,22,Female,4,5.5,26.7,2.47,6.3,10.8,Low,3.3,7.7,75.8,No,Average,No,High
STU1549,23,Male,1,6.3,15.8,2.42,5.8,8.9,High,7.9,6.6,85.9,Yes,Average,No,Medium
STU1550,24,Male,4,6.8,25.6,2.48,4.1,8.2,High,7.4,9.4,83.3,No,Average,Yes,Low
STU1551,21,Male,1,8.4,20.7,2.65,9.2,12.7,Moderate,8.1,4.6,95.8,Yes,Poor,No,Medium
STU1552,21,Male,4,6.5,20.5,,6.7,9.2,Low,3.5,7.0,74.5,Yes,Poor,No,High
STU1553,19,Female,2,8.0,17.6,2.94,6.0,7.0,Low,6.1,7.4,100.0,No,Average,No,Low
STU1554,19,Male,4,8.4,22.2,3.39,6.6,8.4,Low,7.9,7.7,89.1,Yes,,No,Low
STU1555,21,Female,2,8.4,13.3,2.06,6.5,10.9,Moderate,7.8,9.5,87.5,No,Average,Yes,Medium
STU1556,22,Male,5,7.1,25.7,2.19,6.3,10.5,Low,7.5,5.3,92.9,Yes,Good,Yes,High
STU1557,23,Male,1,4.6,19.4,2.33,6.2,8.0,High,4.4,6.0,82.6,No,Average,No,High
STU1558,19,Female,1,7.3,17.3,2.07,6.4,5.5,High,10.0,6.0,81.6,No,Average,No,Medium
STU1559,24,Non-binary,2,8.0,20.6,2.69,5.8,8.0,Moderate,8.8,6.4,82.6,No,Poor,No,Medium
STU1560,20,Male,1,6.7,15.6,2.66,5.0,7.2,Moderate,6.5,9.0,79.8,No,Average,Yes,Medium
STU1561,21,Female,1,8.7,17.1,3.07,8.2,10.4,Moderate,6.5,9.1,90.3,Yes,Good,Yes,Low
STU1562,19,Female,5,7.7,23.8,2.81,4.7,7.8,High,7.0,8.3,85.9,No,Average,No,Low
STU1563,17,Female,5,7.4,25.8,2.73,4.1,7.7,High,,8.1,82.8,No,Poor,No,Low
STU1564,23,Female,2,8.0,18.8,2.03,5.9,9.6,Low,4.5,4.9,79.0,No,Good,No,Low
STU1565,23,Male,5,7.2,28.1,2.85,4.2,7.2,Low,6.3,8.3,91.1,No,Good,No,Low
STU1566,20,Male,3,4.1,22.3,2.48,5.7,6.0,Moderate,9.7,6.8,79.3,No,Poor,No,High
STU1567,21,Female,2,6.3,17.4,2.65,6.9,9.0,Moderate,4.1,5.5,84.2,No,Poor,No,Medium
STU1568,22,Male,3,8.1,19.5,2.44,7.0,12.3,Low,7.9,4.2,90.9,No,Average,No,High
STU1569,18,Female,3,5.9,33.6,2.79,5.5,8.4,Moderate,8.7,3.6,88.5,No,Poor,Yes,High
STU1570,20,Male,5,6.6,30.6,2.44,4.6,7.5,Moderate,9.2,6.2,77.3,Yes,Good,No,High
STU1571,23,Male,2,5.7,19.7,1.8,6.1,9.0,Low,9.2,6.0,80.6,No,Good,Yes,High
STU1572,18,Female,3,8.8,20.1,2.39,6.4,9.4,High,9.4,4.9,87.4,Yes,Average,No,Low
STU1573,22,Male,1,8.6,13.2,2.03,4.9,4.5,Low,6.6,7.2,89.1,No,Good,No,Low
STU1574,18,Female,1,5.8,14.5,2.44,7.1,9.3,Moderate,6.6,2.5,79.4,Yes,Average,Yes,High
STU1575,22,Female,1,7.0,16.2,2.32,4.9,7.4,Moderate,9.4,4.7,80.0,No,Average,Yes,High
STU1576,21,Female,5,6.1,19.5,2.35,8.1,12.1,Low,5.6,,79.2,No,Average,No,High
STU1577,17,Female,4,7.5,17.7,2.26,5.8,8.4,Moderate,8.1,7.5,79.0,Yes,Good,No,Medium
STU1578,24,Female,4,7.4,21.5,1.69,5.7,6.2,Moderate,3.3,8.0,,No,Good,Yes,Medium
STU1579,19,Female,3,,21.8,3.15,5.1,8.1,High,2.3,6.0,93.1,No,Poor,No,Low
STU1580,19,Female,2,7.2,17.0,2.21,5.7,7.2,Moderate,5.4,7.9,90.6,No,Average,No,Medium
STU1581,21,Male,1,10.0,20.9,2.7,8.2,9.2,Moderate,7.9,7.3,85.6,No,Average,Yes,Low
STU1582,24,Male,2,5.7,12.1,1.83,7.7,9.2,Moderate,4.1,7.1,71.1,Yes,Good,Yes,High
STU1583,19,Male,2,4.9,15.0,2.58,5.0,8.2,Moderate,4.7,4.5,90.2,No,Average,No,Medium
STU1584,21,Male,4,6.4,30.1,2.89,6.5,10.5,High,6.8,3.3,88.5,Yes,Average,No,Medium
STU1585,22,Female,3,5.1,21.5,2.25,7.0,10.1,Low,8.3,7.9,83.9,No,Average,No,High
STU1586,23,Female,1,5.2,18.5,2.3,5.9,9.2,Low,5.0,7.4,74.8,No,Average,No,High
STU1587,21,Female,1,5.7,23.2,3.1,6.0,9.1,Moderate,8.6,5.6,87.2,Yes,Poor,Yes,High
STU1588,20,Male,1,5.8,12.2,2.25,6.8,9.4,Low,7.9,8.5,75.1,No,Good,No,High
STU1589,19,Female,2,5.7,17.6,2.37,8.2,11.5,High,6.0,6.3,87.6,Yes,Poor,No,High
STU1590,21,Male,5,7.4,25.9,2.51,4.6,4.2,Moderate,6.9,4.4,82.1,Yes,Poor,No,Medium
STU1591,19,Female,3,6.2,13.2,1.76,6.8,9.4,Moderate,4.6,5.1,76.9,No,Poor,No,High
STU1592,17,Female,4,6.6,22.8,2.6,5.3,6.5,High,4.3,8.6,74.8,Yes,Poor,No,Low
STU1593,22,Male,2,7.8,21.5,2.79,4.4,8.3,Moderate,9.5,7.5,93.9,No,Average,Yes,High
STU1594,23,Male,2,6.0,20.2,2.86,8.2,10.5,Moderate,6.5,4.2,85.4,Yes,Average,Yes,High
STU1595,17,Male,1,6.5,17.5,1.81,5.1,7.6,Low,5.8,6.0,81.5,No,Average,No,High
STU1596,19,Female,4,7.2,22.5,2.34,6.0,6.7,Moderate,5.3,4.9,78.9,No,Poor,Yes,High
STU1597,22,Female,4,4.7,21.4,2.3,4.1,7.8,Low,4.8,3.2,72.2,Yes,Poor,No,High
STU1598,26,Female,1,4.2,20.1,2.4,5.6,8.9,Moderate,,7.9,80.7,Yes,Average,No,High
STU1599,21,Male,3,7.2,19.0,2.53,6.5,9.7,Moderate,1.9,6.5,82.6,Yes,Average,No,Low
STU1600,19,Male,2,7.3,19.2,2.55,5.3,6.8,Low,5.3,7.8,87.3,Yes,Average,No,Medium
STU1601,21,Female,3,9.1,21.7,2.91,6.4,8.0,Moderate,8.5,8.4,85.0,No,Poor,No,Low
STU1602,24,Female,5,7.0,32.8,2.7,4.5,7.3,Low,3.9,9.6,81.2,No,Poor,No,Low
STU1603,20,Male,3,7.7,24.9,3.07,6.7,8.4,High,8.6,7.6,77.9,Yes,,No,Medium
STU1604,19,Male,3,6.6,15.8,2.57,7.8,10.8,Low,7.6,3.2,85.8,No,Poor,Yes,High
STU1605,20,Female,1,7.1,10.2,2.21,6.4,6.3,High,2.1,8.4,77.7,No,Average,No,Low
STU1606,19,Male,1,8.6,17.3,3.1,6.3,8.2,Moderate,2.0,4.4,97.8,No,Average,No,Low
STU1607,21,Male,1,4.5,14.7,2.72,6.7,11.4,Moderate,2.6,8.7,87.4,Yes,Poor,No,High
STU1608,25,Male,1,7.3,13.2,2.69,7.3,10.3,Low,8.0,6.5,90.1,No,Average,No,Low
STU1609,22,Female,4,9.1,28.1,2.07,,7.9,High,7.2,6.8,80.7,No,Average,Yes,Low
STU1610,20,Female,4,7.1,24.7,,5.7,10.6,Low,3.9,7.3,90.7,No,Average,No,Low
STU1611,20,Non-binary,1,8.6,15.2,2.8,6.2,5.9,Moderate,8.3,8.8,80.6,Yes,Poor,No,Low
STU1612,18,Female,4,6.1,27.1,3.34,5.4,6.9,High,,7.7,81.8,No,Good,No,Low
STU1613,23,Female,1,6.8,13.5,2.75,7.9,9.9,High,6.1,2.4,86.6,No,Average,No,Low
STU1614,21,Male,2,6.8,24.3,3.18,6.2,9.7,Moderate,8.2,4.8,93.1,No,Average,No,Medium
STU1615,21,Female,1,4.4,11.8,2.43,7.5,11.1,High,3.7,8.9,71.0,Yes,Average,No,High
STU1616,28,Male,2,5.5,20.6,2.91,6.7,8.2,Moderate,6.5,7.9,84.0,No,Poor,No,High
STU1617,22,Female,2,5.6,23.7,3.2,5.5,9.2,Low,2.1,5.5,100.0,No,Good,No,Medium
STU1618,19,Male,2,7.7,12.5,2.48,7.1,9.1,Moderate,6.4,3.1,88.2,Yes,Average,No,Medium
STU1619,20,Male,2,7.8,16.6,2.07,5.3,9.3,Low,6.8,4.6,93.2,No,Poor,No,Medium
STU1620,24,Male,5,7.2,31.6,2.86,6.1,7.4,Low,3.3,8.0,82.7,Yes,Average,No,Low
STU1621,21,Male,1,7.7,19.6,2.74,3.3,5.7,Moderate,5.8,5.7,83.2,No,Good,No,Low
STU1622,18,Male,1,6.6,14.3,2.41,,8.4,Moderate,6.7,4.7,91.2,No,Average,No,Medium
STU1623,23,Male,1,8.1,12.1,2.06,7.9,11.7,Low,7.7,1.7,86.7,Yes,Average,No,High
STU1624,20,Non-binary,3,6.8,24.8,2.23,4.2,6.1,High,5.9,5.7,82.7,Yes,Average,No,Low
STU1625,25,Male,1,6.9,19.7,2.35,6.4,8.8,Low,6.8,7.2,75.3,Yes,Poor,No,Medium
STU1626,23,Female,4,6.5,19.3,2.78,5.4,8.5,High,3.4,5.1,94.8,Yes,Average,Yes,Medium
STU1627,20,Female,3,7.6,16.2,2.99,6.0,9.2,High,5.2,8.4,100.0,Yes,Average,No,Low
STU1628,24,Non-binary,3,6.3,21.9,2.87,6.8,10.4,High,1.7,6.0,76.2,No,Good,No,Low
STU1629,21,Female,3,7.9,23.5,3.08,5.8,8.6,High,3.8,4.5,98.3,No,,Yes,Low
STU1630,23,Female,1,5.6,13.8,2.28,4.6,6.6,Low,4.3,5.6,80.4,No,Average,No,High
STU1631,22,Male,1,5.6,17.7,1.9,5.3,7.4,Moderate,7.3,8.1,79.1,No,Good,No,High
STU1632,19,Male,2,7.6,15.2,2.35,7.5,10.0,Low,8.7,,86.0,Yes,Good,No,High
STU1633,20,Male,3,6.7,12.5,2.27,7.2,10.0,Low,5.9,4.4,75.2,Yes,Average,No,High
STU1634,23,Female,1,6.3,13.3,2.19,8.4,10.7,Moderate,3.0,7.4,82.9,No,Poor,No,Low
STU1635,20,Female,1,7.8,15.3,2.52,8.2,10.7,Low,7.7,5.4,73.8,No,Good,Yes,High
STU1636,20,Male,5,6.1,25.9,2.84,5.1,5.8,High,2.0,6.6,90.4,Yes,Poor,Yes,Low
STU1637,19,Male,1,6.6,10.4,2.53,9.5,12.8,High,5.6,5.1,100.0,Yes,Poor,No,High
STU1638,22,Female,4,8.3,16.7,2.5,6.4,9.1,Moderate,3.9,2.7,80.5,No,Average,Yes,Low
STU1639,26,Male,4,8.5,21.9,2.18,4.8,8.5,Moderate,6.6,5.3,81.9,No,Average,No,Medium
STU1640,19,Female,2,8.5,21.6,2.6,5.2,7.7,Moderate,2.2,8.1,84.8,No,Good,No,Low
STU1641,21,Female,1,6.5,20.0,2.57,3.7,4.1,High,6.0,9.4,92.3,Yes,Average,No,Low
STU1642,24,Female,1,8.2,19.8,3.03,7.6,9.7,Moderate,6.0,8.2,91.0,No,Poor,Yes,Low
STU1643,21,Female,3,5.8,17.7,2.27,7.8,10.1,Low,6.0,9.5,90.1,Yes,Average,Yes,High
STU1644,22,Female,3,5.8,16.4,2.55,5.3,8.7,Moderate,7.0,7.3,81.8,No,Average,Yes,High
STU1645,19,Female,4,4.2,26.0,2.66,5.2,5.2,Moderate,5.7,6.4,89.0,Yes,Good,Yes,High
STU1646,22,Female,5,8.6,29.5,3.0,5.1,7.6,High,3.0,5.7,64.4,No,Average,No,Low
STU1647,21,Female,3,5.8,22.6,2.86,4.8,7.9,Low,6.2,9.5,91.8,No,Poor,Yes,Medium
STU1648,23,Male,1,6.7,6.9,1.98,5.6,7.3,Low,4.9,4.5,73.4,No,Average,No,Medium
STU1649,24,Male,1,5.8,11.5,2.08,6.6,9.2,High,6.8,7.6,80.2,No,Poor,No,Medium
STU1650,27,Male,4,7.6,23.9,2.75,5.3,7.0,High,6.1,5.6,91.7,No,Poor,No,Low
STU1651,22,Male,1,6.4,16.9,2.26,5.9,7.5,High,,9.2,72.8,Yes,Good,Yes,Medium
STU1652,22,Female,1,5.4,18.1,2.57,6.4,8.4,Moderate,5.8,8.7,93.0,No,Average,No,Medium
STU1653,21,Female,3,7.3,21.6,2.45,7.3,8.9,Moderate,7.1,5.3,83.8,No,Average,Yes,High
STU1654,20,Male,2,5.2,19.3,2.51,5.8,9.1,Moderate,4.2,,95.2,No,Average,Yes,High
STU1655,22,Male,5,5.9,27.3,2.7,,7.0,Low,5.7,7.2,79.9,Yes,Average,No,High
STU1656,20,Non-binary,3,4.5,23.7,2.59,6.4,7.8,Moderate,4.6,5.6,72.9,Yes,Poor,No,High
STU1657,21,Male,1,5.2,16.3,2.22,6.9,11.5,Low,2.6,3.4,83.1,No,,No,High
STU1658,24,Female,5,7.0,27.3,2.71,4.7,8.4,Low,7.4,,,No,Poor,Yes,High
STU1659,19,Female,2,4.6,16.9,2.36,6.4,6.7,High,8.1,7.5,88.9,Yes,Good,Yes,High
STU1660,24,Female,2,5.2,18.3,2.47,6.7,8.3,Low,7.2,9.9,76.9,Yes,Average,No,High
STU1661,24,Male,2,6.8,19.9,2.57,,7.7,High,5.3,5.4,74.0,No,Average,No,Medium
STU1662,21,Male,1,6.2,16.1,,7.7,10.6,Low,5.7,6.0,85.4,Yes,Poor,Yes,High
STU1663,17,Male,2,9.0,19.5,2.42,7.5,8.2,Low,9.4,6.3,88.1,No,Poor,No,Medium
STU1664,20,Female,1,8.8,20.4,2.71,5.2,9.1,Moderate,5.7,5.5,89.5,No,Good,Yes,Low
STU1665,24,Female,2,5.8,19.1,2.01,6.3,9.8,Moderate,7.8,9.2,93.1,Yes,Good,No,High
STU1666,21,Male,2,7.4,15.4,2.59,7.1,10.2,Moderate,5.6,5.4,82.9,No,Poor,Yes,Medium
STU1667,19,Female,4,7.6,27.5,2.52,4.7,8.8,High,3.3,9.0,72.2,Yes,Good,No,Low
STU1668,20,Female,4,6.1,18.5,2.4,6.6,9.6,Low,5.4,3.4,92.8,No,Average,No,High
STU1669,23,Male,1,5.2,10.7,2.07,7.1,10.1,High,6.3,5.8,83.8,No,Poor,No,High
STU1670,22,Female,2,6.8,19.3,2.64,4.6,9.0,Low,6.4,7.6,87.8,No,Poor,Yes,High
STU1671,20,Female,2,6.6,20.1,,6.4,10.2,High,5.0,5.1,89.8,No,Good,No,Low
STU1672,20,Male,1,6.3,10.0,2.06,5.9,7.4,Moderate,8.4,6.2,91.2,No,Average,No,Medium
STU1673,20,Male,4,7.3,22.5,3.12,6.7,10.0,High,4.2,7.1,88.6,No,Good,No,Low
STU1674,19,Female,3,6.0,18.6,2.56,5.5,7.2,Moderate,8.4,4.4,93.6,No,Poor,No,High
STU1675,25,Female,1,5.5,13.1,2.11,6.5,9.6,Low,4.6,9.2,86.5,No,Average,No,Medium
STU1676,20,Female,2,6.9,21.8,2.56,7.2,10.3,High,3.4,5.1,80.8,No,Poor,No,Low
STU1677,24,Female,1,7.2,17.8,3.03,6.7,7.5,Low,7.9,8.5,86.5,Yes,Poor,Yes,High
STU1678,24,Female,3,5.5,20.9,2.44,4.8,7.2,Low,6.4,6.7,89.0,No,Poor,No,High
STU1679,23,Male,1,7.8,12.8,2.22,5.7,8.5,High,9.3,,78.4,No,Good,No,Medium
STU1680,20,Female,5,4.9,21.6,2.29,5.2,7.2,Low,6.0,2.9,89.9,No,Average,No,High
STU1681,22,Female,4,6.2,29.7,2.66,5.4,8.3,Low,7.8,8.0,87.1,No,Poor,No,High
STU1682,21,Male,2,6.5,20.4,2.39,6.3,9.8,Moderate,4.3,4.4,87.0,No,Average,No,High
STU1683,19,Female,3,6.1,18.2,2.09,5.3,7.8,High,3.8,8.0,92.6,Yes,Good,No,Medium
STU1684,22,Female,5,6.2,29.9,2.49,3.8,6.6,Low,4.7,8.3,87.4,No,Poor,No,Low
STU1685,18,Male,3,8.9,20.7,2.5,6.2,10.4,Moderate,2.3,3.9,85.5,No,Good,Yes,Medium
STU1686,24,Female,1,5.9,13.9,2.51,6.4,9.5,Moderate,6.9,5.0,84.5,No,,No,Medium
STU1687,20,Male,2,9.5,19.7,2.64,8.2,10.9,High,4.9,9.1,84.9,No,Average,No,Low
STU1688,21,Male,4,7.3,21.0,2.58,5.9,7.3,High,5.8,4.9,87.7,No,Average,No,Low
STU1689,22,Male,3,6.9,19.6,2.95,7.9,11.2,Moderate,6.8,5.7,97.2,No,Average,Yes,Medium
STU1690,20,Female,3,7.3,21.5,3.04,4.7,7.6,Moderate,4.3,3.4,84.0,No,Poor,Yes,Low
STU1691,22,Female,4,9.6,22.0,2.75,4.2,8.2,Moderate,6.5,8.4,81.7,No,Average,Yes,Low
STU1692,20,Male,4,5.7,26.7,2.51,4.2,6.8,Low,6.4,8.4,94.1,No,Poor,Yes,High
STU1693,23,Female,5,5.6,34.5,2.67,5.7,6.0,Moderate,5.0,5.8,82.1,Yes,Good,No,Medium
STU1694,18,Male,1,6.0,12.0,2.49,8.6,9.1,High,6.1,8.4,86.5,No,Average,Yes,High
STU1695,21,Female,3,6.8,14.3,2.34,5.8,9.2,Moderate,4.7,6.7,79.9,Yes,,Yes,High
STU1696,25,Female,4,,16.0,2.21,5.9,7.7,Low,8.9,8.7,71.5,No,Average,No,High
STU1697,19,Male,4,6.8,23.4,2.43,4.5,7.5,Moderate,2.7,5.8,86.0,No,Average,No,Low
STU1698,20,Female,3,8.7,18.3,2.43,4.4,7.0,Moderate,6.1,5.9,92.4,Yes,Good,Yes,Low
STU1699,22,Male,1,7.0,15.8,2.56,7.1,9.4,Moderate,3.4,7.9,,No,Average,No,Low
STU1700,21,Male,4,6.5,24.5,2.3,5.8,8.2,Moderate,9.1,7.3,,Yes,Average,No,High
STU1701,22,Female,4,6.1,17.6,2.75,6.3,7.8,Moderate,8.7,5.7,87.3,No,Poor,No,High
STU1702,22,Non-binary,1,7.8,7.7,2.12,5.8,8.3,Low,8.5,9.3,77.4,No,Average,No,Low
STU1703,22,Male,2,,19.2,2.44,7.7,9.5,High,1.6,5.8,66.3,No,,No,Medium
STU1704,23,Male,1,8.8,15.5,2.18,5.9,8.0,Moderate,8.1,9.5,82.5,No,Poor,Yes,Medium
STU1705,22,Male,2,8.9,16.3,2.61,6.9,9.0,Low,5.4,8.2,89.3,No,,Yes,Low
STU1706,20,Female,1,7.1,8.4,2.15,5.7,7.9,Low,7.8,7.0,91.1,Yes,Average,No,Medium
STU1707,22,Male,2,6.8,19.9,2.56,5.8,9.4,High,6.5,8.5,97.7,No,Good,No,Low
STU1708,25,Female,3,7.9,26.1,3.28,5.7,8.0,High,5.1,7.9,94.2,No,Average,No,Low
STU1709,21,Non-binary,3,8.0,22.1,2.78,6.1,9.8,Moderate,7.4,7.4,93.2,Yes,Average,Yes,Low
STU1710,19,Female,3,5.9,17.6,2.2,6.4,10.7,Low,8.2,5.6,74.2,Yes,Good,No,High
STU1711,23,Male,4,6.2,24.2,2.45,6.1,9.6,Low,6.4,7.8,96.1,Yes,Good,No,Medium
STU1712,21,Male,1,5.3,9.5,2.33,5.9,9.0,Low,7.2,9.1,92.9,Yes,Average,No,High
STU1713,17,Male,1,7.2,19.2,2.97,6.3,9.2,Moderate,5.9,4.7,85.3,No,,No,Medium
STU1714,23,Female,4,7.5,24.3,2.84,5.7,9.2,Moderate,7.7,8.6,91.8,No,Good,No,Low
STU1715,20,Male,1,5.3,7.9,2.31,7.4,10.0,Moderate,,5.0,87.9,No,Average,Yes,High
STU1716,21,Male,5,6.3,25.8,2.9,5.5,9.2,Moderate,6.7,6.6,97.7,No,Average,No,Low
STU1717,22,Female,4,5.3,25.9,3.07,4.1,7.3,Low,4.3,9.9,87.4,No,Poor,Yes,Medium
STU1718,21,Male,3,5.8,19.7,1.91,4.7,6.8,Low,5.9,8.7,76.2,No,Average,No,Medium
STU1719,23,Female,5,7.4,25.9,3.0,3.2,6.8,Moderate,6.1,4.4,84.6,No,Poor,Yes,High
STU1720,20,Male,1,6.0,10.1,2.52,7.8,10.4,Low,6.7,7.8,,Yes,Poor,No,High
STU1721,22,Female,2,6.5,20.3,2.16,6.8,9.2,Low,8.5,3.4,69.5,No,Good,Yes,High
STU1722,20,Female,3,5.0,18.4,2.14,7.0,8.9,Moderate,6.6,9.0,61.9,No,Average,No,High
STU1723,23,Female,2,7.0,9.4,2.02,7.4,10.1,High,7.2,9.0,88.4,No,Average,No,Low
STU1724,22,Non-binary,5,6.8,25.5,2.52,3.3,7.0,Moderate,6.3,8.2,87.0,No,Average,No,Low
STU1725,19,Male,1,6.0,18.9,2.34,5.1,8.7,High,5.1,7.0,84.2,No,Poor,No,Low
STU1726,23,Female,3,6.6,19.5,2.62,6.2,9.1,Moderate,5.1,4.4,76.6,No,Poor,No,Medium
STU1727,20,Female,3,7.0,28.0,3.09,5.3,8.5,Moderate,4.0,6.2,76.6,Yes,Average,No,Medium
STU1728,23,Female,3,5.9,22.7,2.92,,9.5,Low,4.7,7.4,83.1,Yes,Poor,Yes,Medium
STU1729,22,Male,2,5.2,19.4,2.19,6.4,8.7,High,5.3,4.3,85.7,Yes,Average,No,High
STU1730,25,Male,2,8.8,17.5,2.39,6.3,7.5,Low,1.6,6.2,80.2,No,Good,No,Low
STU1731,21,Male,4,6.1,23.7,3.03,5.8,9.9,Low,4.6,8.5,94.5,No,Poor,No,High
STU1732,20,Male,1,6.7,13.9,2.58,6.0,7.9,Low,7.9,3.5,78.8,No,Poor,Yes,High
STU1733,21,Male,4,7.9,22.8,2.76,6.7,8.4,High,7.0,5.5,82.9,No,Good,No,Low
STU1734,20,Female,3,10.0,23.1,3.04,5.3,5.6,High,2.8,6.6,93.2,Yes,Average,No,Low
STU1735,23,Male,4,5.4,20.3,2.48,4.6,7.8,Moderate,6.3,5.8,82.2,Yes,Poor,No,Medium
STU1736,17,Male,3,7.3,16.7,2.67,5.6,6.2,Moderate,8.4,2.2,83.7,Yes,Poor,No,High
STU1737,19,Female,1,6.0,10.5,2.13,6.6,8.2,Moderate,3.5,8.0,78.3,Yes,Average,No,Medium
STU1738,19,Female,3,6.2,29.2,2.89,6.1,9.3,High,7.8,7.5,81.5,Yes,Average,Yes,High
STU1739,23,Female,4,6.0,26.1,2.25,5.3,8.7,Moderate,9.0,8.4,86.0,Yes,Average,No,High
STU1740,25,Female,2,5.6,19.2,2.26,5.9,7.6,High,3.9,9.0,86.9,No,Average,Yes,Medium
STU1741,21,Male,5,6.8,22.8,2.46,4.5,6.8,Low,,8.4,86.4,No,,Yes,Medium
STU1742,21,Female,2,5.2,20.5,2.37,6.7,8.2,Low,2.9,9.3,79.9,Yes,Average,Yes,High
STU1743,21,Female,1,7.8,14.5,2.2,5.9,7.7,High,3.4,6.4,81.8,No,Poor,No,Low
STU1744,24,Male,2,6.9,18.9,2.39,6.0,8.8,Low,7.0,9.5,95.5,No,Average,No,Medium
STU1745,19,Female,5,7.3,23.1,2.25,7.2,9.1,High,6.7,7.9,73.6,No,Average,No,Low
STU1746,22,Female,2,,18.6,2.66,6.6,8.8,Moderate,8.4,6.7,99.2,No,Poor,Yes,High
STU1747,23,Male,4,6.4,22.3,2.59,4.1,4.8,High,4.0,7.2,86.2,No,Poor,No,Low
STU1748,22,Male,4,7.1,20.9,2.11,4.1,8.0,Low,4.8,4.5,81.4,No,Poor,No,Medium
STU1749,21,Male,2,5.5,20.9,2.26,5.8,8.9,Moderate,9.7,8.7,90.2,Yes,Average,No,High
STU1750,23,Male,1,6.4,8.8,2.31,5.9,9.4,Moderate,8.5,8.7,69.4,Yes,Average,No,Medium
STU1751,17,Male,4,5.9,26.3,2.54,6.0,10.0,Moderate,8.7,6.2,94.9,No,Poor,No,High
STU1752,22,Female,2,5.8,20.7,2.32,6.0,7.5,Moderate,6.2,4.3,96.9,No,Average,Yes,High
STU1753,20,Male,4,4.5,20.5,2.41,6.1,8.2,High,,7.8,92.1,No,Average,Yes,Medium
STU1754,17,Female,2,8.3,14.7,2.63,5.8,6.0,Moderate,5.6,4.3,71.1,No,Good,No,Low
STU1755,22,Female,2,6.0,17.1,2.0,8.0,14.0,Low,9.9,,87.3,Yes,Good,No,High
STU1756,24,Female,4,8.1,25.1,2.99,8.3,10.6,High,5.2,7.9,99.5,No,Good,No,Low
STU1757,21,Female,2,8.0,17.4,2.34,6.0,9.7,Low,3.6,8.8,94.8,Yes,Good,No,Low
STU1758,23,Male,2,5.4,19.7,2.46,6.4,7.4,Moderate,7.3,4.7,74.9,Yes,Average,No,High
STU1759,25,Female,2,5.6,25.1,2.63,5.6,9.3,Low,3.1,7.1,92.9,Yes,Average,Yes,High
STU1760,24,Female,2,9.6,16.0,2.49,,10.8,High,8.1,5.9,97.5,No,Poor,No,Low
STU1761,25,Female,3,8.7,14.1,2.22,5.8,8.2,Low,7.6,9.5,83.5,No,Average,No,Low
STU1762,23,Female,4,,27.3,2.71,4.2,5.5,Low,6.7,9.3,76.1,Yes,Poor,No,Medium
STU1763,21,Male,2,7.1,24.7,3.23,4.4,6.7,High,1.8,4.2,95.2,Yes,Average,Yes,Low
STU1764,17,Female,3,6.1,22.6,2.2,6.1,5.9,High,2.0,5.1,90.6,Yes,Poor,Yes,High
STU1765,20,Male,3,7.3,16.6,3.02,5.8,8.3,Low,6.7,6.6,87.1,Yes,Poor,No,Medium
STU1766,19,Female,2,6.0,17.5,2.37,3.7,7.2,Moderate,6.2,8.6,75.9,No,Poor,No,Medium
STU1767,26,Non-binary,2,4.6,13.5,2.24,7.1,9.6,High,8.5,8.6,90.3,Yes,Good,No,High
STU1768,21,Male,5,5.3,29.6,2.43,5.0,7.2,Low,7.5,8.5,79.2,No,Poor,Yes,High
STU1769,21,Female,4,6.8,18.6,2.3,7.5,10.6,High,9.2,8.4,86.6,No,Good,No,Medium
STU1770,22,Male,3,5.6,19.8,2.34,6.4,9.6,Moderate,5.7,8.0,94.9,Yes,Poor,No,High
STU1771,21,Male,3,6.7,17.0,2.17,4.8,5.3,Moderate,3.2,6.3,71.4,No,Average,No,Medium
STU1772,25,Female,1,5.6,15.5,2.29,4.2,6.8,Moderate,,8.6,90.1,Yes,Average,No,Medium
STU1773,20,Female,3,5.9,19.5,2.38,5.3,10.7,Moderate,3.5,9.6,82.8,Yes,Average,No,Low
STU1774,21,Female,3,7.7,21.7,3.25,5.2,6.1,Low,6.2,7.4,88.2,Yes,Good,No,Low
STU1775,19,Female,3,7.1,21.1,2.28,6.8,9.2,Moderate,4.4,8.0,87.3,Yes,Poor,Yes,High
STU1776,18,Female,2,6.8,14.1,2.43,6.6,11.4,Low,7.3,4.0,79.2,No,Poor,No,High
STU1777,20,Female,1,7.8,17.5,2.65,7.4,11.2,Moderate,5.7,4.4,77.7,No,Average,No,Low
STU1778,21,Non-binary,1,7.3,14.8,2.13,5.2,7.1,Low,9.0,,70.3,No,Average,Yes,High
STU1779,20,Male,5,8.4,23.0,2.98,6.7,9.4,High,3.1,5.3,96.5,No,Good,Yes,Low
STU1780,19,Non-binary,2,6.3,27.0,2.63,6.0,8.5,Low,7.7,7.4,83.2,No,Average,No,Medium
STU1781,18,Male,2,6.3,19.9,1.79,4.0,5.6,Moderate,8.1,4.9,84.7,Yes,Average,Yes,High
STU1782,21,Female,1,5.4,14.4,2.51,7.9,10.3,Moderate,4.7,3.3,81.7,No,Average,Yes,High
STU1783,18,Male,1,6.3,20.7,2.23,6.0,8.2,Moderate,6.5,2.8,75.2,No,Average,No,Medium
STU1784,23,Male,3,7.9,28.4,2.59,5.6,8.2,Moderate,5.9,8.2,90.1,Yes,Average,Yes,Medium
STU1785,21,Male,3,8.2,20.4,2.89,5.1,6.7,Moderate,3.1,5.9,89.6,No,Poor,No,Low
STU1786,18,Female,3,7.9,22.4,2.62,7.0,8.0,Low,8.7,6.6,84.1,No,Average,No,Medium
STU1787,20,Male,1,4.8,11.0,2.44,5.7,8.2,Low,6.6,6.8,,No,Poor,No,High
STU1788,19,Male,4,8.0,23.4,3.13,6.5,11.1,Moderate,8.1,6.2,82.1,Yes,Average,No,Low
STU1789,22,Female,1,4.8,14.2,2.07,7.4,10.0,High,6.6,7.3,89.8,Yes,Poor,No,High
STU1790,24,Female,1,7.8,15.7,2.75,5.5,7.6,Low,7.3,4.1,95.5,Yes,Average,No,High
STU1791,17,Male,2,6.4,19.3,2.3,8.1,11.5,Low,4.3,8.1,89.1,No,Average,No,High
STU1792,21,Male,2,,20.2,3.31,6.2,8.5,Low,8.6,7.2,87.3,No,Poor,No,Medium
STU1793,21,Male,1,5.3,16.0,2.14,7.1,11.8,Moderate,3.3,7.0,83.3,No,Poor,No,High
STU1794,22,Male,3,8.1,16.2,2.86,4.9,7.4,Moderate,,8.4,98.1,No,Poor,Yes,Medium
STU1795,21,Female,3,5.2,17.2,2.63,8.4,11.7,High,5.0,8.1,94.7,No,Poor,No,Medium
STU1796,19,Female,4,6.1,21.8,2.68,4.6,6.2,Low,2.6,3.2,100.0,Yes,Poor,Yes,High
STU1797,20,Female,2,5.7,16.9,2.2,7.3,10.4,Low,4.1,2.8,77.7,No,Good,No,High
STU1798,19,Male,1,4.9,19.2,2.37,5.1,7.9,Low,8.2,8.7,78.1,No,Average,No,High
STU1799,23,Female,2,6.9,13.3,1.74,6.1,8.5,Moderate,7.7,8.7,81.4,No,Average,No,Medium
STU1800,21,Female,5,,25.6,2.95,6.2,8.1,Moderate,8.5,4.4,90.5,Yes,Average,Yes,Low
STU1801,25,Female,3,9.7,24.8,3.03,6.5,8.2,Low,7.5,8.2,87.2,No,Average,No,Low
STU1802,21,Female,3,6.9,19.8,2.62,4.7,7.5,High,6.1,3.8,83.0,Yes,Poor,Yes,High
STU1803,19,Female,1,8.0,16.8,1.67,7.4,10.7,Low,5.6,3.5,88.9,No,Good,No,Medium
STU1804,18,Female,3,7.1,20.4,2.23,,9.3,Moderate,8.0,5.8,82.7,No,Good,No,High
STU1805,17,Male,1,7.3,16.0,2.27,5.5,8.3,Moderate,3.8,4.4,75.1,No,Poor,Yes,High
STU1806,18,Non-binary,3,6.4,20.1,2.64,7.6,10.1,Low,8.1,8.4,78.1,No,Average,No,High
STU1807,22,Female,5,7.0,29.7,2.97,3.6,6.2,High,7.7,7.6,89.5,No,Poor,No,Low
STU1808,22,Female,5,7.4,20.8,2.59,5.3,7.6,High,7.3,4.8,100.0,Yes,Poor,Yes,High
STU1809,18,Male,3,6.2,19.5,2.71,6.5,9.0,Moderate,4.9,8.0,79.4,No,Poor,No,Low
STU1810,23,Female,2,6.7,19.2,2.24,5.2,10.9,Moderate,5.6,9.5,81.2,No,Good,Yes,Medium
STU1811,20,Female,5,6.7,29.1,,,8.3,Low,5.5,8.7,100.0,No,Average,No,Low
STU1812,21,Male,3,7.7,27.0,2.99,5.5,8.8,Moderate,2.5,5.5,84.6,No,Average,No,Low
STU1813,25,Male,1,5.6,13.4,2.41,6.5,9.5,Low,8.1,8.7,87.6,No,Average,No,High
STU1814,23,Female,2,6.7,23.9,2.63,6.4,8.6,High,3.5,6.3,98.9,No,Average,No,Low
STU1815,20,Female,1,8.9,12.4,3.04,6.5,10.6,Low,4.4,7.0,81.6,No,Average,No,Low
STU1816,19,Female,2,8.1,23.3,2.91,5.9,8.1,Low,8.8,8.5,85.3,Yes,Good,No,Low
STU1817,17,Male,2,8.3,21.3,2.43,7.0,10.8,Low,4.9,7.5,81.2,Yes,Average,Yes,Medium
STU1818,19,Female,3,6.8,17.3,2.57,7.1,9.2,Low,7.9,7.2,74.8,No,Average,No,High
STU1819,21,Male,2,7.2,19.2,2.81,6.9,8.2,Moderate,9.1,5.6,97.8,Yes,Average,No,High
STU1820,19,Male,1,7.9,14.8,2.32,5.4,8.3,Low,2.0,6.2,79.8,No,Good,Yes,Low
STU1821,21,Male,3,8.5,23.5,3.13,6.2,7.4,Moderate,7.3,7.7,82.6,Yes,Average,No,Low
STU1822,21,Male,4,4.7,23.1,2.64,4.8,7.9,Low,8.2,4.2,82.7,No,Poor,No,High
STU1823,21,Male,3,5.4,19.8,1.77,4.7,5.8,Moderate,8.2,,87.1,No,Average,No,High
STU1824,20,Male,2,8.2,23.5,,5.6,7.7,Moderate,3.0,3.1,88.0,No,Poor,No,Low
STU1825,21,Male,5,6.5,26.6,2.63,4.4,5.2,High,,7.4,80.2,No,Good,No,Low
STU1826,22,Male,5,6.1,30.3,3.0,5.8,11.7,High,7.7,4.6,90.9,Yes,Average,No,High
STU1827,19,Female,1,5.4,14.1,2.58,7.4,7.9,High,3.4,2.4,91.2,No,Poor,No,High
STU1828,24,Female,1,6.2,21.7,2.64,3.9,6.4,Moderate,2.2,7.4,85.7,No,Average,No,Low
STU1829,21,Male,4,5.3,21.3,3.01,5.0,8.9,Moderate,9.6,5.8,86.4,No,Average,No,High
STU1830,21,Female,4,9.1,21.5,2.73,4.4,8.1,Moderate,3.2,8.0,93.5,Yes,Average,No,Low
STU1831,23,Male,5,6.8,33.1,3.16,4.2,7.7,High,2.3,8.2,87.7,No,Poor,Yes,Low
STU1832,22,Female,4,6.7,22.2,2.88,6.2,8.3,Low,3.1,4.3,98.5,Yes,Poor,Yes,High
STU1833,23,Male,3,7.4,27.4,2.81,5.0,9.1,Moderate,5.0,8.4,81.6,No,Poor,No,Low
STU1834,22,Male,3,7.9,24.6,3.02,5.0,8.6,Low,6.3,5.5,82.7,No,Poor,Yes,Medium
STU1835,20,Female,1,7.8,14.4,2.3,7.9,10.7,Moderate,4.9,7.2,77.5,No,Average,No,Low
STU1836,22,Female,1,8.0,7.7,2.16,4.9,7.7,Moderate,2.3,7.1,81.3,No,Good,No,Low
STU1837,18,Female,2,6.1,17.9,2.07,7.4,9.5,Moderate,4.6,5.4,82.4,Yes,Poor,No,High
STU1838,21,Female,3,6.5,21.4,2.67,5.3,6.7,Moderate,7.1,7.1,76.7,Yes,Poor,No,Medium
STU1839,21,Non-binary,3,7.6,25.7,2.9,5.4,9.4,High,5.4,7.8,88.1,No,Good,Yes,Low
STU1840,21,Male,4,6.2,30.4,3.2,4.4,8.5,Moderate,6.2,6.0,93.2,No,Good,Yes,Medium
STU1841,21,Male,2,6.8,15.3,2.67,8.0,9.4,High,7.0,6.7,75.8,No,,No,Medium
STU1842,17,Male,3,7.2,24.2,2.64,4.3,6.6,Low,4.9,7.9,82.2,No,Poor,Yes,Medium
STU1843,20,Male,1,7.7,18.1,2.23,6.2,8.5,Moderate,5.9,6.1,87.4,No,Good,No,Low
STU1844,21,Female,2,4.8,22.3,2.63,6.3,8.8,Moderate,5.2,9.2,78.2,No,Poor,No,Medium
STU1845,21,Female,4,7.6,26.0,3.15,3.8,6.4,Low,4.2,9.9,86.7,No,Good,No,Low
STU1846,19,Male,3,6.5,13.2,2.58,5.8,9.4,Moderate,6.7,8.2,,Yes,Good,Yes,Medium
STU1847,24,Female,5,7.6,26.4,3.15,5.2,6.8,Moderate,3.8,2.4,100.0,No,Average,No,Low
STU1848,19,Female,2,7.7,13.4,2.38,5.8,7.3,Moderate,4.4,7.0,87.4,No,Poor,No,Low
STU1849,23,Male,2,8.6,17.2,2.48,5.5,9.5,Moderate,8.0,6.1,83.7,No,Poor,Yes,Medium
STU1850,22,Male,2,8.3,21.9,2.52,5.5,7.4,Moderate,4.6,8.6,81.6,No,Good,No,Low
STU1851,20,Male,2,8.3,19.2,2.64,6.7,7.7,Low,2.9,,92.2,No,Good,No,Low
STU1852,25,Male,4,8.4,28.6,2.92,4.8,6.7,Moderate,7.2,8.3,95.5,Yes,Average,Yes,Low
STU1853,18,Male,3,7.1,22.4,2.73,6.8,8.9,Low,6.0,8.4,78.3,No,Poor,Yes,High
STU1854,23,Female,4,6.8,18.8,2.5,5.1,9.5,Low,9.0,4.4,91.4,No,Average,No,High
STU1855,23,Male,1,7.8,4.9,2.15,6.3,9.9,Low,6.1,5.9,78.7,Yes,Good,No,High
STU1856,20,Male,4,7.6,24.6,2.54,7.5,11.4,Low,6.8,8.3,79.2,Yes,Average,Yes,High
STU1857,24,Non-binary,1,6.5,14.1,2.66,5.9,9.4,Low,5.6,6.4,84.9,No,Poor,Yes,High
STU1858,20,Female,4,7.2,20.1,2.63,4.7,8.3,Low,3.2,9.1,92.7,No,Average,Yes,Low
STU1859,22,Female,2,6.8,11.2,2.26,5.1,6.8,Low,8.6,6.4,85.7,Yes,Poor,Yes,High
STU1860,22,Male,2,5.9,15.1,2.14,7.6,9.9,Moderate,5.2,5.3,84.8,No,Good,Yes,High
STU1861,21,Male,3,8.2,20.2,2.28,5.6,6.9,Low,7.2,6.3,86.1,No,Average,No,Low
STU1862,23,Female,5,6.9,29.7,3.27,4.8,7.0,Moderate,6.5,6.9,92.9,Yes,Average,No,Low
STU1863,23,Male,1,9.1,15.8,2.78,6.3,9.6,High,8.2,7.5,85.9,No,Poor,No,Low
STU1864,17,Male,2,5.0,24.4,2.09,6.6,9.3,Moderate,6.9,8.1,87.0,No,Poor,Yes,High
STU1865,24,Female,4,6.2,19.9,2.76,5.8,9.9,Low,,7.1,81.9,Yes,Average,No,High
STU1866,17,Female,2,6.8,21.5,2.9,,9.3,High,6.5,8.6,92.0,Yes,Good,Yes,Medium
STU1867,23,Male,1,8.1,15.2,2.56,6.6,9.7,Low,6.5,4.0,91.4,Yes,Poor,Yes,High
STU1868,23,Female,2,7.2,20.8,3.11,7.0,8.0,Low,3.4,5.8,93.6,Yes,Average,No,Low
STU1869,19,Male,2,7.1,16.3,2.55,7.2,9.8,High,,6.0,90.6,No,Average,Yes,Low
STU1870,20,Male,5,5.6,31.3,2.41,4.8,8.2,High,5.5,6.1,87.7,No,Good,No,Low
STU1871,19,Male,4,5.5,25.2,2.75,4.9,7.1,Moderate,3.8,8.8,94.7,No,,Yes,Medium
STU1872,21,Male,3,7.2,18.3,2.63,6.5,9.7,Moderate,7.9,3.2,69.9,No,Poor,No,High
STU1873,20,Male,5,5.3,27.0,2.5,5.8,7.1,Moderate,4.4,5.1,91.0,No,Average,No,Medium
STU1874,23,Non-binary,2,6.2,17.0,2.62,5.7,6.2,Low,9.0,8.0,99.5,Yes,Good,No,High
STU1875,24,Female,1,7.4,17.0,2.03,6.5,9.7,Low,4.9,9.6,77.8,No,Good,No,Medium
STU1876,24,Female,2,5.7,13.3,2.6,7.9,12.5,Moderate,6.0,5.9,80.5,No,Average,Yes,High
STU1877,20,Male,2,,17.9,2.38,8.3,9.6,High,2.7,7.7,93.3,No,Good,Yes,Low
STU1878,21,Male,1,8.1,16.6,2.27,7.2,11.2,Low,6.9,,77.1,No,Poor,No,High
STU1879,17,Male,5,5.1,27.1,2.64,7.2,9.8,Moderate,4.8,7.5,81.2,No,Average,No,Medium
STU1880,19,Male,4,5.8,29.4,2.92,4.4,5.3,Low,5.8,7.4,88.7,No,Good,No,Low
STU1881,23,Male,2,4.3,21.1,2.48,6.6,7.7,Moderate,2.9,5.8,79.3,No,Poor,No,High
STU1882,25,Female,3,5.9,21.0,2.32,7.2,9.7,Moderate,4.9,6.8,90.0,Yes,Good,Yes,High
STU1883,18,Female,4,7.6,24.9,2.63,4.6,6.6,Moderate,7.3,6.4,80.2,No,Average,No,Medium
STU1884,20,Female,5,6.3,28.2,2.45,4.7,5.6,Low,6.0,7.2,87.2,Yes,Average,Yes,High
STU1885,21,Female,4,7.3,25.6,2.71,7.2,7.7,Moderate,2.8,8.8,88.3,No,Poor,Yes,Low
STU1886,22,Female,3,5.1,13.7,2.59,5.7,7.2,Moderate,6.3,8.5,97.2,No,Poor,No,Medium
STU1887,19,Male,4,7.7,22.8,2.72,4.4,7.1,Low,6.3,8.8,94.5,Yes,Average,Yes,Low
STU1888,22,Male,3,6.2,15.1,2.64,8.0,10.5,Low,4.3,4.8,82.1,No,Average,No,Medium
STU1889,20,Male,3,6.8,26.1,3.2,6.6,8.5,Moderate,6.6,9.6,80.3,Yes,Poor,Yes,Medium
STU1890,21,Female,1,6.7,14.8,2.24,7.0,9.7,Moderate,6.5,8.6,89.3,Yes,Good,Yes,Medium
STU1891,22,Non-binary,1,5.4,14.2,2.25,6.5,10.2,Low,8.2,7.3,78.9,No,Poor,Yes,High
STU1892,21,Male,3,5.5,24.6,3.27,5.1,8.1,Moderate,4.8,5.1,87.3,No,Good,No,Low
STU1893,20,Female,2,7.9,19.7,3.08,6.3,8.7,High,6.9,4.6,,Yes,Poor,No,Low
STU1894,21,Female,1,7.2,10.5,1.82,8.5,12.1,Low,6.9,7.1,85.7,No,Average,Yes,High
STU1895,21,Male,4,8.0,23.7,2.89,5.9,7.2,Moderate,3.7,4.4,82.8,No,Average,Yes,Low
STU1896,20,Male,1,7.2,13.7,2.42,8.8,11.0,Low,7.3,6.6,84.3,Yes,Average,Yes,High
STU1897,20,Male,3,7.0,14.0,2.66,5.7,8.0,Low,5.7,5.6,85.8,No,Good,Yes,Medium
STU1898,25,Non-binary,3,4.9,18.2,2.17,6.2,7.2,Low,2.4,3.9,84.3,No,Good,No,High
STU1899,22,Male,5,6.5,26.3,2.49,5.0,7.0,Moderate,2.6,4.0,89.6,No,Average,No,Low
STU1900,20,Female,2,6.8,17.5,2.3,5.2,5.2,High,6.1,6.2,82.1,No,Average,No,Low
STU1901,23,Male,1,8.9,9.1,2.22,6.9,11.7,Low,7.0,5.4,78.1,Yes,Average,Yes,High
STU1902,20,Female,3,7.6,25.6,3.04,5.9,7.3,Moderate,7.0,6.5,75.2,No,,Yes,Medium
STU1903,24,Male,4,,23.6,2.45,6.2,10.6,Moderate,7.8,3.8,85.4,No,Good,No,Medium
STU1904,22,Female,5,7.5,27.2,2.65,7.5,10.0,Low,6.0,5.4,84.8,Yes,Average,No,High
STU1905,21,Female,2,6.0,19.6,1.97,6.5,9.7,Moderate,4.9,7.3,76.8,No,Average,No,High
STU1906,22,Female,2,6.9,14.8,2.73,7.7,9.6,Moderate,8.2,6.8,86.8,Yes,Poor,No,Medium
STU1907,18,Female,5,7.1,28.8,3.24,5.2,7.9,High,,9.7,95.4,Yes,Good,No,Low
STU1908,19,Male,1,5.8,13.5,2.21,8.3,11.6,High,6.5,7.4,91.0,Yes,Good,Yes,High
STU1909,18,Female,3,6.4,17.4,2.38,8.7,12.0,Low,7.8,4.0,73.5,No,Good,No,High
STU1910,21,Male,2,6.6,20.3,2.71,6.5,9.9,Moderate,7.9,7.8,83.7,No,Average,No,Medium
STU1911,25,Male,1,8.6,21.0,3.17,4.9,7.0,Low,7.3,9.0,95.7,Yes,Average,No,Low
STU1912,26,Female,2,4.5,20.9,2.56,5.4,7.3,Moderate,8.9,7.8,96.5,No,Average,No,High
STU1913,22,Male,2,8.1,21.7,2.51,6.1,6.7,High,5.7,,79.3,Yes,Average,No,Low
STU1914,22,Female,3,5.8,18.9,1.99,6.6,9.7,Low,4.5,8.9,91.6,Yes,Average,No,High
STU1915,17,Non-binary,5,5.3,20.6,2.15,6.6,10.4,Moderate,8.1,8.1,73.4,Yes,Average,No,High
STU1916,20,Male,2,,24.0,2.81,6.1,10.5,Moderate,4.5,9.2,94.9,No,Poor,No,Low
STU1917,19,Female,4,7.6,32.2,2.8,4.8,7.7,Moderate,7.0,5.3,84.8,No,Poor,No,Low
STU1918,20,Male,1,8.2,21.2,2.77,5.2,6.8,Low,2.8,7.0,97.6,No,,Yes,Low
STU1919,21,Male,3,7.7,19.7,2.46,6.4,6.9,High,8.1,3.4,81.5,Yes,Good,No,Low
STU1920,20,Male,1,9.1,10.4,2.13,8.8,12.6,Moderate,2.7,4.8,80.6,No,Average,No,Low
STU1921,17,Female,5,7.4,22.7,2.35,6.7,7.0,Low,8.8,6.5,83.2,No,Average,No,High
STU1922,23,Female,4,6.6,17.3,2.95,6.8,8.9,Low,8.0,4.6,76.9,No,Good,No,High
STU1923,19,Female,3,7.2,20.6,2.89,7.0,9.2,Moderate,4.5,2.0,75.0,Yes,Average,No,High
STU1924,22,Non-binary,4,8.2,30.4,3.51,4.6,7.0,Low,,5.0,94.6,No,,Yes,Low
STU1925,26,Male,3,5.9,20.4,2.69,5.5,8.0,Low,9.2,8.6,93.1,Yes,Good,No,Medium
STU1926,19,Male,5,6.1,28.2,2.64,4.4,7.1,Moderate,6.9,5.9,90.1,No,Good,Yes,High
STU1927,17,Female,3,6.5,26.5,3.15,5.2,4.8,Moderate,6.6,3.2,80.1,No,Average,No,Medium
STU1928,20,Female,5,4.5,25.4,2.57,,7.5,Moderate,7.2,7.6,88.8,No,Poor,No,Medium
STU1929,23,Male,3,7.0,29.1,2.93,6.3,6.1,Moderate,5.2,4.6,80.6,Yes,Good,No,Medium
STU1930,25,Male,1,4.7,23.0,2.51,5.2,8.6,Moderate,6.7,8.9,87.9,Yes,Average,No,Medium
STU1931,18,Female,3,6.9,20.5,,5.1,6.9,High,8.0,3.8,88.2,No,Poor,No,Medium
STU1932,22,Female,1,7.8,12.7,2.91,8.7,8.6,Low,2.7,4.3,90.0,No,Poor,No,Medium
STU1933,20,Male,3,6.3,23.8,2.8,5.2,6.7,Moderate,3.4,7.1,97.1,No,Good,No,Low
STU1934,21,Female,2,8.6,16.6,2.7,6.5,8.3,High,4.7,2.2,85.2,Yes,Poor,Yes,Medium
STU1935,27,Female,3,5.2,16.4,2.34,6.8,10.7,Moderate,5.5,8.3,82.5,Yes,Poor,No,Medium
STU1936,18,Female,1,8.1,20.1,2.72,4.9,7.6,Moderate,5.3,6.6,86.8,No,Average,Yes,Low
STU1937,22,Male,1,7.5,19.9,2.44,7.2,10.1,Low,3.6,8.0,75.2,No,Poor,No,Low
STU1938,22,Female,2,4.9,18.6,2.59,6.8,10.7,Moderate,4.0,5.6,82.7,No,Poor,No,High
STU1939,23,Male,5,9.8,21.9,2.45,7.4,9.8,Moderate,4.8,6.8,82.5,No,Average,Yes,Low
STU1940,21,Male,2,,13.1,2.42,6.0,9.4,Moderate,7.8,8.3,82.5,No,,No,Medium
STU1941,22,Female,2,5.8,18.4,2.63,6.3,9.6,High,6.1,4.9,87.7,No,Good,No,Medium
STU1942,20,Female,3,5.3,19.0,2.38,6.1,7.1,Low,6.0,5.2,73.9,Yes,Average,No,High
STU1943,22,Male,3,6.6,19.6,2.66,6.3,10.6,Low,4.6,9.9,77.9,No,Poor,No,Medium
STU1944,20,Female,2,6.7,22.1,2.33,4.3,5.1,Low,5.2,8.4,91.9,No,Average,Yes,Medium
STU1945,22,Female,2,6.9,20.9,2.32,6.0,9.6,Moderate,4.8,,69.9,No,Poor,Yes,High
STU1946,20,Female,1,6.5,20.5,2.64,4.5,5.2,Low,8.3,9.7,90.2,Yes,Poor,No,Medium
STU1947,22,Female,5,7.5,23.0,2.92,6.1,9.3,Moderate,5.7,3.1,84.9,Yes,Average,No,Medium
STU1948,21,Female,1,6.4,13.6,1.79,4.5,9.2,Low,6.0,2.8,81.9,No,Poor,No,High
STU1949,23,Female,2,4.7,21.0,2.62,4.0,6.2,Moderate,5.9,5.9,96.6,No,Average,No,Medium
STU1950,21,Male,1,6.6,16.8,2.3,7.1,9.3,Low,8.5,8.3,82.9,No,Good,Yes,High
STU1951,17,Male,1,4.2,21.1,2.37,5.3,8.5,High,6.7,9.6,88.6,No,Average,No,High
STU1952,24,Male,4,7.2,25.7,2.37,4.4,6.5,Moderate,3.8,6.6,84.6,No,Average,No,Low
STU1953,19,Female,1,5.7,22.4,2.32,7.0,11.7,High,2.3,7.5,83.2,Yes,Good,Yes,Medium
STU1954,20,Female,1,7.0,17.2,2.8,6.6,9.3,Moderate,8.7,8.0,85.2,Yes,Good,No,High
STU1955,20,Male,2,8.2,22.2,2.75,6.7,8.8,Low,2.2,8.9,91.4,No,Good,Yes,Low
STU1956,24,Male,1,5.8,13.7,2.2,6.5,8.4,Low,4.9,7.7,78.1,No,Average,No,High
STU1957,17,Female,1,8.0,15.1,,9.2,10.6,High,6.8,7.1,77.0,No,Good,No,Medium
STU1958,28,Male,4,6.3,27.6,2.92,4.6,6.3,Moderate,7.8,7.8,88.0,No,Good,No,Low
STU1959,23,Female,4,8.7,30.5,3.16,6.7,8.8,Low,4.5,6.7,90.3,No,Average,No,Low
STU1960,21,Male,5,6.4,29.9,2.82,,6.8,Moderate,6.7,6.6,74.2,Yes,Average,Yes,High
STU1961,21,Female,4,5.9,23.7,2.95,4.0,5.7,Moderate,3.9,6.5,87.6,No,Poor,Yes,Medium
STU1962,22,Female,3,7.6,26.5,3.12,5.8,10.8,Low,5.1,3.3,80.1,Yes,Average,No,Low
STU1963,22,Male,1,6.3,6.2,2.25,7.7,9.0,Low,6.2,4.1,87.9,Yes,Poor,No,High
STU1964,22,Female,4,5.9,18.3,2.48,5.1,7.8,High,2.7,7.6,72.3,No,Poor,Yes,Medium
STU1965,22,Male,4,6.3,26.7,2.94,4.4,7.6,Low,4.1,8.8,100.0,No,Poor,Yes,Medium
STU1966,21,Female,4,6.8,24.1,2.79,5.6,8.9,Low,4.9,6.5,84.4,No,Average,No,Medium
STU1967,21,Female,3,8.3,23.4,3.1,6.0,8.4,Low,5.3,6.0,,No,Average,No,Low
STU1968,21,Male,1,4.7,15.3,2.56,4.0,6.2,Low,4.7,4.7,83.4,Yes,Average,No,Medium
STU1969,21,Female,4,6.8,26.3,2.46,6.4,9.4,Moderate,4.5,4.2,88.7,No,Average,No,Medium
STU1970,23,Female,4,7.5,20.7,2.32,5.4,8.2,Low,5.0,5.1,90.2,Yes,Good,Yes,High
STU1971,22,Male,5,7.0,29.3,2.66,3.7,5.9,Low,7.0,4.4,84.0,Yes,Average,No,High
STU1972,17,Male,1,8.2,19.0,2.94,7.0,7.6,High,2.6,5.3,77.6,Yes,Average,No,Low
STU1973,22,Female,1,6.7,19.9,2.09,6.0,7.9,Low,7.3,5.4,74.1,Yes,Poor,No,High
STU1974,21,Female,1,6.6,23.1,2.77,6.9,8.0,Moderate,7.8,4.7,88.6,No,Good,No,Medium
STU1975,21,Female,4,7.5,25.0,2.88,5.9,7.6,Moderate,6.6,6.7,94.2,Yes,Average,Yes,Medium
STU1976,20,Female,1,6.9,16.1,2.81,6.4,8.9,Moderate,5.9,7.6,94.7,No,Good,Yes,Medium
STU1977,23,Female,1,6.4,8.9,2.27,7.0,9.9,High,8.7,5.3,84.8,No,Poor,Yes,High
STU1978,23,Male,5,7.4,24.9,2.36,6.0,10.6,Low,7.9,7.5,90.9,No,Average,No,Medium
STU1979,19,Female,1,6.1,14.2,2.07,6.2,8.1,High,7.3,7.5,95.8,No,Poor,No,High
STU1980,22,Female,4,6.1,28.2,2.42,4.3,7.7,Moderate,8.1,9.6,92.9,No,,Yes,High
STU1981,19,Female,2,6.2,15.6,2.24,7.0,9.9,Moderate,4.8,6.0,89.9,No,Average,No,Medium
STU1982,18,Male,4,8.3,27.2,2.84,5.1,9.2,Low,7.9,7.0,81.4,No,Good,No,Low
STU1983,20,Male,3,3.3,21.0,2.01,5.9,9.1,Low,4.7,5.3,88.8,No,Average,Yes,High
STU1984,23,Male,5,7.2,26.3,3.23,6.5,7.8,Moderate,6.7,7.2,92.6,Yes,Average,No,Low
STU1985,23,Male,5,6.8,28.0,2.42,5.1,5.5,High,3.8,3.8,,No,Average,No,Medium
STU1986,22,Male,1,5.0,13.4,2.66,6.7,9.6,Moderate,5.6,7.5,94.8,No,Poor,Yes,High
STU1987,23,Female,1,7.1,13.3,2.75,6.1,8.0,Low,6.6,5.7,89.0,Yes,Average,No,Medium
STU1988,22,Female,2,7.3,11.2,2.62,7.3,8.6,Low,,3.3,85.0,No,Average,No,Medium
STU1989,20,Male,3,7.4,20.0,2.41,6.3,7.3,Moderate,3.0,6.7,77.0,No,Average,Yes,Medium
STU1990,22,Female,4,3.9,22.1,2.54,6.7,9.4,Moderate,3.9,8.2,83.2,No,Average,No,High
STU1991,23,Male,2,8.3,15.9,2.17,5.8,10.1,Low,9.1,5.0,84.5,Yes,Poor,Yes,High
STU1992,23,Male,3,6.0,22.7,2.87,5.3,7.3,Low,3.6,7.4,89.2,No,Average,No,Medium
STU1993,24,Male,1,7.6,17.6,2.54,7.0,10.2,Moderate,5.4,5.4,86.9,No,Good,No,Medium
STU1994,23,Female,4,7.6,24.9,2.66,5.8,8.2,Moderate,8.6,7.6,92.7,No,Good,No,Low
STU1995,22,Male,5,5.8,31.0,2.47,4.0,5.0,Moderate,7.3,8.0,90.9,No,Average,No,Medium
STU1996,23,Male,2,7.5,20.3,1.89,7.3,10.7,High,8.2,6.3,80.9,No,Average,No,Medium
STU1997,21,Male,2,6.4,16.8,2.14,4.6,5.8,Moderate,4.6,3.5,76.9,Yes,Poor,No,High
STU1998,19,Female,1,4.5,13.1,2.54,7.5,10.0,Low,6.7,8.1,87.9,Yes,,No,High
STU1999,21,Male,3,8.1,22.3,2.62,4.5,6.6,Moderate,6.5,8.4,100.0,No,Good,No,Low
STU2000,19,Female,3,5.9,23.3,2.56,7.6,11.2,High,7.7,8.9,87.6,No,Average,No,Medium
